date,symbol,close,price_return,mmi,sentiment_vol,textual_polarity,positive_mean,negative_mean,neutral_mean,sentiment_lag1,sentiment_lag2,price_vol_7d,volume_change,mmi_7d_ma,post_count,avg_text_length,avg_word_count
2025-01-03,AAPL,175.95,0.0037,0.2794,0.043,0.2372,0.4935,0.2562,0.2502,0.2878,0.3347,0.0024,0.7297,0.3006,4,47.75,7.75
2025-01-04,AAPL,177.2,0.0071,0.2383,0.0577,0.2106,0.4892,0.2788,0.2315,0.2794,0.2878,0.0034,0.3132,0.2851,4,49.5,7.5
2025-01-05,AAPL,178.28,0.0061,0.3154,0.0626,0.2558,0.499,0.2432,0.2578,0.2383,0.2794,0.003,0.2945,0.2911,4,49.0,8.0
2025-01-06,AAPL,177.93,-0.002,0.3096,0.0749,0.3038,0.5372,0.2335,0.229,0.3154,0.2383,0.0038,-0.3768,0.2942,4,48.25,7.25
2025-01-07,AAPL,179.35,0.0079,0.2844,0.0529,0.2457,0.5028,0.257,0.2405,0.3096,0.3154,0.004,0.0046,0.2928,4,48.5,7.5
2025-01-08,AAPL,178.06,-0.0072,0.3203,0.0515,0.2523,0.4995,0.2472,0.253,0.2844,0.3096,0.0055,0.5677,0.2907,4,49.5,7.0
2025-01-09,AAPL,179.71,0.0092,0.3435,0.0341,0.2641,0.5272,0.2632,0.2092,0.3203,0.2844,0.006,-0.6718,0.2987,4,50.25,7.25
2025-01-10,AAPL,180.14,0.0024,0.37,0.0525,0.2668,0.5118,0.245,0.243,0.3435,0.3203,0.006,0.1362,0.3116,4,48.5,7.5
2025-01-11,AAPL,179.73,-0.0023,0.3583,0.0551,0.2512,0.502,0.2508,0.2475,0.37,0.3435,0.0061,0.7409,0.3288,4,50.5,7.5
2025-01-12,AAPL,178.66,-0.006,0.3086,0.0418,0.2516,0.4908,0.2392,0.2698,0.3583,0.37,0.0065,0.3113,0.3278,4,46.5,7.5
2025-01-13,AAPL,178.14,-0.0029,0.3213,0.0319,0.2316,0.491,0.2595,0.2492,0.3086,0.3583,0.0065,-0.0913,0.3295,4,49.75,7.75
2025-01-14,AAPL,176.5,-0.0092,0.322,0.0468,0.2504,0.4975,0.247,0.2558,0.3213,0.3086,0.0063,-0.6261,0.3349,4,50.0,7.5
2025-01-15,AAPL,175.13,-0.0078,0.4172,0.0502,0.2987,0.5345,0.2358,0.23,0.322,0.3213,0.0064,0.8068,0.3487,4,50.0,7.5
2025-01-16,AAPL,175.52,0.0022,0.3527,0.0625,0.2871,0.537,0.25,0.2128,0.4172,0.322,0.0046,0.8785,0.35,4,48.75,7.25
2025-01-17,AAPL,173.87,-0.0094,0.2942,0.042,0.2195,0.5015,0.282,0.2165,0.3527,0.4172,0.0043,-0.5511,0.3392,4,49.5,7.0
2025-01-18,AAPL,172.43,-0.0083,0.3037,0.0559,0.2625,0.52,0.2575,0.2225,0.2942,0.3527,0.0042,0.3014,0.3314,4,50.75,7.25
2025-01-19,AAPL,173.26,0.0048,0.2913,0.0642,0.2528,0.5095,0.2568,0.2338,0.3037,0.2942,0.0059,0.152,0.3289,4,49.5,7.5
2025-01-20,AAPL,174.74,0.0085,0.3424,0.0558,0.3025,0.5408,0.2382,0.221,0.2913,0.3037,0.0077,0.0714,0.3319,4,47.5,7.0
2025-01-21,AAPL,176.23,0.0085,0.4028,0.0193,0.3037,0.5422,0.2385,0.2192,0.3424,0.2913,0.0081,-0.197,0.3435,4,50.0,7.5
2025-01-22,AAPL,176.24,0.0001,0.403,0.0534,0.3149,0.5442,0.2292,0.2268,0.4028,0.3424,0.0074,0.8107,0.3414,4,48.75,7.25
2025-01-23,AAPL,175.54,-0.004,0.3812,0.05,0.2506,0.5,0.2495,0.2502,0.403,0.4028,0.0075,-0.3838,0.3455,4,50.0,7.5
2025-01-24,AAPL,176.45,0.0052,0.3224,0.0417,0.2498,0.513,0.2632,0.2238,0.3812,0.403,0.0064,-0.4891,0.3495,4,47.5,7.0
2025-01-25,AAPL,178.09,0.0093,0.2976,0.0498,0.2263,0.5,0.2738,0.226,0.3224,0.3812,0.0049,2.1455,0.3487,4,49.0,7.0
2025-01-26,AAPL,178.94,0.0048,0.2692,0.0399,0.2255,0.4928,0.2672,0.24,0.2976,0.3224,0.0049,-0.2668,0.3455,4,50.0,7.5
2025-01-27,AAPL,179.98,0.0058,0.2823,0.0371,0.2527,0.5035,0.2508,0.2458,0.2692,0.2976,0.0047,-0.4004,0.3369,4,46.5,7.5
2025-01-28,AAPL,181.21,0.0068,0.39,0.0234,0.2946,0.517,0.2225,0.2602,0.2823,0.2692,0.0045,0.5969,0.3351,4,50.25,7.25
2025-01-29,AAPL,182.12,0.005,0.3545,0.0262,0.2532,0.5102,0.257,0.233,0.39,0.2823,0.0041,0.1566,0.3282,4,47.75,7.75
2025-01-30,AAPL,180.56,-0.0086,0.3673,0.0464,0.2982,0.5402,0.242,0.2178,0.3545,0.39,0.0058,-0.4883,0.3262,4,48.25,7.25
2025-01-31,AAPL,180.57,0.0001,0.3806,0.0241,0.2988,0.557,0.2582,0.1848,0.3673,0.3545,0.0059,-0.2947,0.3345,4,46.5,7.5
2025-02-01,AAPL,180.56,-0.0001,0.4174,0.0369,0.3588,0.5805,0.2218,0.1978,0.3806,0.3673,0.0054,1.1667,0.3516,4,48.5,7.5
2025-02-02,AAPL,179.67,-0.0049,0.4258,0.0316,0.3438,0.5595,0.2158,0.2248,0.4174,0.3806,0.0058,-0.3638,0.374,4,49.75,7.75
2025-02-03,AAPL,181.26,0.0088,0.3136,0.005,0.2221,0.5032,0.2812,0.2152,0.4258,0.4174,0.0063,0.7885,0.3785,4,49.25,7.25
2025-02-04,AAPL,181.55,0.0016,0.3571,0.0604,0.3133,0.556,0.2428,0.2013,0.3136,0.4258,0.0058,0.2429,0.3738,4,48.75,7.25
2025-02-05,AAPL,181.77,0.0012,0.3317,0.0522,0.2386,0.5025,0.264,0.2332,0.3571,0.3136,0.0055,0.1266,0.3705,4,49.25,7.75
2025-02-06,AAPL,181.37,-0.0022,0.3672,0.0746,0.2594,0.5162,0.2568,0.2272,0.3317,0.3571,0.0042,-0.0111,0.3705,4,50.0,7.5
2025-02-07,AAPL,180.29,-0.006,0.389,0.0376,0.3114,0.532,0.2208,0.247,0.3672,0.3317,0.0049,-0.1177,0.3717,4,50.25,7.25
2025-02-08,AAPL,180.2,-0.0005,0.3696,0.042,0.2787,0.5305,0.2518,0.218,0.389,0.3672,0.0049,-0.6195,0.3649,4,49.75,7.75
2025-02-09,AAPL,180.67,0.0026,0.3953,0.0653,0.3234,0.555,0.2318,0.213,0.3696,0.389,0.0046,1.9242,0.3605,4,48.5,7.5
2025-02-10,AAPL,182.35,0.0093,0.4099,0.0466,0.3007,0.5558,0.255,0.1892,0.3953,0.3696,0.0047,-0.0148,0.3743,4,50.25,7.25
2025-02-11,AAPL,184.14,0.0098,0.43,0.0479,0.3556,0.566,0.2102,0.224,0.4099,0.3953,0.0058,-0.412,0.3847,4,47.75,7.75
2025-02-12,AAPL,182.41,-0.0094,0.3534,0.0374,0.2744,0.5308,0.2562,0.2135,0.43,0.4099,0.0073,-0.1259,0.3878,4,49.5,7.5
2025-02-13,AAPL,182.39,-0.0001,0.3507,0.0451,0.2552,0.5105,0.2552,0.2342,0.3534,0.43,0.0072,0.1623,0.3854,4,48.75,7.25
2025-02-14,AAPL,183.63,0.0068,0.3408,0.0346,0.2592,0.5335,0.2742,0.1922,0.3507,0.3534,0.0068,-0.2186,0.3785,4,48.0,7.5
2025-02-15,AAPL,182.04,-0.0087,0.2841,0.0279,0.2206,0.4812,0.2608,0.2578,0.3408,0.3507,0.008,0.9876,0.3663,4,48.75,7.25
2025-02-16,AAPL,183.4,0.0074,0.2591,0.0357,0.2273,0.4695,0.2422,0.288,0.2841,0.3408,0.0083,-0.4629,0.3469,4,47.25,7.25
2025-02-17,AAPL,183.67,0.0015,0.3503,0.0499,0.2639,0.504,0.2402,0.2552,0.2591,0.2841,0.0077,0.217,0.3383,4,49.5,7.5
2025-02-18,AAPL,182.85,-0.0045,0.3183,0.0623,0.2355,0.5032,0.2678,0.229,0.3503,0.2591,0.0068,0.5204,0.3224,4,49.75,7.75
2025-02-19,AAPL,181.38,-0.0081,0.2866,0.0379,0.2572,0.5072,0.25,0.243,0.3183,0.3503,0.0066,-0.427,0.3128,4,49.5,7.5
2025-02-20,AAPL,180.8,-0.0032,0.249,0.0134,0.2154,0.4955,0.2802,0.2235,0.2866,0.3183,0.0066,0.1243,0.2983,4,49.25,7.75
2025-02-21,AAPL,182.23,0.0079,0.1884,0.0308,0.1735,0.457,0.2835,0.2595,0.249,0.2866,0.0069,0.2585,0.2765,4,49.75,7.75
2025-02-22,AAPL,182.56,0.0018,0.2016,0.0281,0.183,0.4815,0.2985,0.2198,0.1884,0.249,0.006,-0.4652,0.2648,4,49.0,7.0
2025-02-23,AAPL,182.65,0.0005,0.1192,0.0166,0.1358,0.433,0.2972,0.2695,0.2016,0.1884,0.0052,1.3862,0.2448,4,49.25,7.75
2025-02-24,AAPL,183.54,0.0049,0.1106,0.0371,0.1182,0.4398,0.3215,0.2388,0.1192,0.2016,0.0055,-0.624,0.2105,4,47.75,7.5
2025-02-25,AAPL,185.37,0.0099,0.1966,0.0593,0.2052,0.4882,0.283,0.2288,0.1106,0.1192,0.0063,1.1655,0.1931,4,48.0,7.5
2025-02-26,AAPL,184.07,-0.007,0.1478,0.049,0.121,0.438,0.317,0.2448,0.1966,0.1106,0.006,-0.6733,0.1733,4,43.75,7.0
2025-02-27,AAPL,185.67,0.0087,0.1779,0.0137,0.1882,0.4658,0.2775,0.257,0.1478,0.1966,0.0059,-0.0323,0.1632,4,47.75,7.75
2025-02-28,AAPL,187.48,0.0097,0.0762,0.065,0.1002,0.4322,0.332,0.236,0.1779,0.1478,0.0062,0.1251,0.1471,4,50.75,7.25
2025-03-01,AAPL,189.39,0.0101,0.1484,0.0366,0.1572,0.4472,0.29,0.2628,0.0762,0.1779,0.0065,2.7892,0.1395,4,48.5,7.25
2025-01-03,AMZN,183.16,0.0075,0.2276,0.0241,0.2106,0.4958,0.2852,0.2188,0.2465,0.2306,0.0087,0.2237,0.2349,4,51.25,7.25
2025-01-04,AMZN,181.72,-0.0079,0.278,0.0341,0.2252,0.5012,0.276,0.223,0.2276,0.2465,0.0082,0.4153,0.2457,4,49.75,7.75
2025-01-05,AMZN,181.25,-0.0026,0.231,0.0377,0.1958,0.47,0.2742,0.2558,0.278,0.2276,0.0067,-0.1295,0.2427,4,48.25,7.25
2025-01-06,AMZN,179.9,-0.0075,0.2806,0.0432,0.2238,0.4812,0.2575,0.261,0.231,0.278,0.0063,-0.1624,0.249,4,46.75,7.25
2025-01-07,AMZN,181.76,0.0103,0.228,0.0453,0.1918,0.4702,0.2785,0.2513,0.2806,0.231,0.0078,1.1627,0.246,4,46.5,7.5
2025-01-08,AMZN,181.96,0.0011,0.2711,0.0411,0.1985,0.4845,0.286,0.2295,0.228,0.2806,0.0072,-0.7477,0.2518,4,49.0,7.0
2025-01-09,AMZN,183.56,0.0088,0.242,0.0624,0.208,0.467,0.259,0.274,0.2711,0.228,0.0077,1.9395,0.2512,4,49.25,7.25
2025-01-10,AMZN,181.75,-0.0099,0.262,0.0563,0.2006,0.4842,0.2838,0.2318,0.242,0.2711,0.0081,0.3499,0.2561,4,48.5,7.5
2025-01-11,AMZN,183.76,0.011,0.2507,0.0481,0.218,0.5075,0.2895,0.203,0.262,0.242,0.0086,-0.3308,0.2522,4,49.25,7.25
2025-01-12,AMZN,182.44,-0.0072,0.186,0.0405,0.175,0.472,0.297,0.2308,0.2507,0.262,0.0092,0.2518,0.2458,4,51.5,7.0
2025-01-13,AMZN,181.32,-0.0062,0.2554,0.009,0.2272,0.499,0.2718,0.2292,0.186,0.2507,0.009,-0.282,0.2422,4,50.0,7.5
2025-01-14,AMZN,182.52,0.0066,0.215,0.055,0.2023,0.4925,0.2902,0.217,0.2554,0.186,0.0084,0.5808,0.2403,4,49.75,7.25
2025-01-15,AMZN,183.22,0.0038,0.2128,0.0576,0.2035,0.4858,0.2822,0.232,0.215,0.2554,0.0085,-0.6631,0.232,4,48.5,7.5
2025-01-16,AMZN,182.39,-0.0045,0.2922,0.0248,0.2268,0.4895,0.2628,0.2478,0.2128,0.215,0.008,-0.0336,0.2392,4,50.0,7.5
2025-01-17,AMZN,183.35,0.0052,0.2436,0.0755,0.2342,0.4932,0.259,0.248,0.2922,0.2128,0.0071,1.3089,0.2365,4,51.0,7.0
2025-01-18,AMZN,182.88,-0.0026,0.2744,0.0654,0.2284,0.4848,0.2565,0.2582,0.2436,0.2922,0.0058,-0.646,0.2399,4,50.0,7.5
2025-01-19,AMZN,184.33,0.0079,0.2582,0.0349,0.2559,0.5095,0.2535,0.2372,0.2744,0.2436,0.0057,2.2,0.2502,4,49.75,7.75
2025-01-20,AMZN,185.52,0.0064,0.2486,0.0473,0.2263,0.4952,0.269,0.2355,0.2582,0.2744,0.0049,0.2341,0.2493,4,48.75,7.25
2025-01-21,AMZN,185.59,0.0004,0.2436,0.0614,0.2408,0.4845,0.2438,0.2715,0.2486,0.2582,0.0047,-0.5804,0.2533,4,48.5,7.5
2025-01-22,AMZN,185.29,-0.0016,0.3171,0.0521,0.2595,0.5163,0.2568,0.227,0.2436,0.2486,0.0049,1.1998,0.2682,4,47.5,7.0
2025-01-23,AMZN,184.77,-0.0028,0.2745,0.053,0.245,0.513,0.268,0.2192,0.3171,0.2436,0.0046,-0.0111,0.2657,4,48.5,7.5
2025-01-24,AMZN,183.22,-0.0084,0.295,0.0453,0.2144,0.4748,0.2602,0.2652,0.2745,0.3171,0.0057,0.1711,0.2731,4,46.5,7.5
2025-01-25,AMZN,185.23,0.0109,0.255,0.058,0.232,0.5085,0.2765,0.215,0.295,0.2745,0.0068,-0.4269,0.2703,4,49.5,7.5
2025-01-26,AMZN,183.68,-0.0084,0.2186,0.0394,0.1866,0.473,0.2865,0.2402,0.255,0.295,0.0072,-0.4456,0.2646,4,50.0,7.5
2025-01-27,AMZN,182.25,-0.0078,0.1556,0.0451,0.1277,0.434,0.3062,0.26,0.2186,0.255,0.0069,1.7052,0.2513,4,47.75,7.75
2025-01-28,AMZN,181.92,-0.0018,0.2165,0.0668,0.1965,0.4768,0.2802,0.243,0.1556,0.2186,0.0068,-0.2373,0.2475,4,49.25,7.75
2025-01-29,AMZN,182.53,0.0033,0.2115,0.0633,0.1628,0.4505,0.2878,0.2612,0.2165,0.1556,0.0072,0.5161,0.2324,4,46.0,7.0
2025-01-30,AMZN,180.66,-0.0103,0.3049,0.0478,0.2345,0.4908,0.2562,0.253,0.2115,0.2165,0.0079,-0.3249,0.2367,4,48.5,7.5
2025-01-31,AMZN,180.48,-0.001,0.3374,0.0403,0.2644,0.519,0.2545,0.227,0.3049,0.2115,0.0075,0.32,0.2428,4,49.0,8.0
2025-02-01,AMZN,179.57,-0.0051,0.2613,0.0312,0.2555,0.5212,0.2658,0.213,0.3374,0.3049,0.0049,-0.3205,0.2437,4,50.25,7.25
2025-02-02,AMZN,178.91,-0.0037,0.2782,0.0489,0.2045,0.4748,0.2702,0.255,0.2613,0.3374,0.0045,0.2677,0.2522,4,49.75,7.25
2025-02-03,AMZN,179.62,0.004,0.2507,0.0302,0.1756,0.4635,0.288,0.2482,0.2782,0.2613,0.0049,0.2156,0.2658,4,48.0,7.5
2025-02-04,AMZN,181.13,0.0084,0.4096,0.0311,0.3018,0.544,0.2422,0.2138,0.2507,0.2782,0.0063,-0.3103,0.2934,4,47.25,7.25
2025-02-05,AMZN,182.82,0.0093,0.3755,0.077,0.3083,0.5598,0.2515,0.1888,0.4096,0.2507,0.0073,0.067,0.3168,4,50.75,7.25
2025-02-06,AMZN,184.17,0.0074,0.372,0.0572,0.2695,0.5118,0.2422,0.246,0.3755,0.4096,0.006,0.2593,0.3264,4,48.75,7.25
2025-02-07,AMZN,184.67,0.0027,0.3558,0.0275,0.2788,0.5018,0.223,0.275,0.372,0.3755,0.0057,-0.0293,0.329,4,48.0,7.5
2025-02-08,AMZN,184.75,0.0004,0.361,0.0224,0.296,0.5422,0.2462,0.2115,0.3558,0.372,0.0047,-0.3549,0.3433,4,50.25,7.25
2025-02-09,AMZN,183.94,-0.0044,0.2485,0.0374,0.1898,0.4642,0.2745,0.261,0.361,0.3558,0.0049,0.1847,0.339,4,49.5,7.5
2025-02-10,AMZN,183.17,-0.0042,0.3496,0.0452,0.288,0.5415,0.2535,0.205,0.2485,0.361,0.0058,-0.3161,0.3531,4,50.5,7.5
2025-02-11,AMZN,181.24,-0.0106,0.3006,0.0493,0.2496,0.505,0.2555,0.2392,0.3496,0.2485,0.007,-0.0932,0.3376,4,47.25,7.25
2025-02-12,AMZN,182.43,0.0065,0.3233,0.0228,0.236,0.5115,0.2755,0.213,0.3006,0.3496,0.0065,0.9261,0.3301,4,48.5,7.5
2025-02-13,AMZN,180.76,-0.0092,0.2632,0.0584,0.2558,0.4858,0.23,0.2842,0.3233,0.3006,0.0062,-0.4225,0.3146,4,46.5,7.5
2025-02-14,AMZN,179.33,-0.0079,0.331,0.0456,0.2504,0.5055,0.255,0.2398,0.2632,0.3233,0.006,1.2327,0.311,4,48.5,7.5
2025-02-15,AMZN,177.52,-0.0101,0.324,0.052,0.2655,0.536,0.2705,0.1935,0.331,0.2632,0.006,-0.5818,0.3057,4,50.0,7.5
2025-02-16,AMZN,177.73,0.0012,0.3528,0.0248,0.2722,0.534,0.2618,0.2042,0.324,0.331,0.0065,1.0808,0.3206,4,49.75,7.75
2025-02-17,AMZN,176.56,-0.0066,0.4252,0.0368,0.3105,0.557,0.2465,0.1965,0.3528,0.324,0.0066,-0.0113,0.3314,4,48.0,7.5
2025-02-18,AMZN,178.44,0.0106,0.4746,0.0553,0.3461,0.5668,0.2208,0.2122,0.4252,0.3528,0.0083,-0.3939,0.3563,4,52.25,8.25
2025-02-19,AMZN,177.98,-0.0026,0.4078,0.0312,0.3448,0.5768,0.232,0.1912,0.4746,0.4252,0.0074,-0.2898,0.3684,4,46.5,7.5
2025-02-20,AMZN,179.3,0.0074,0.3663,0.0497,0.3092,0.5408,0.2318,0.227,0.4078,0.4746,0.0079,0.9966,0.3831,4,48.0,7.0
2025-02-21,AMZN,178.54,-0.0042,0.3641,0.0414,0.3073,0.538,0.2308,0.2312,0.3663,0.4078,0.0075,-0.6118,0.3878,4,50.75,7.25
2025-02-22,AMZN,176.68,-0.0105,0.4113,0.0489,0.2845,0.524,0.2395,0.2365,0.3641,0.3663,0.0076,0.5628,0.4003,4,46.0,7.0
2025-02-23,AMZN,175.39,-0.0073,0.3985,0.0312,0.3039,0.5357,0.232,0.2318,0.4113,0.3641,0.0079,0.1411,0.4068,4,47.75,7.75
2025-02-24,AMZN,176.91,0.0086,0.3565,0.0136,0.2653,0.5142,0.249,0.2365,0.3985,0.4113,0.0085,0.0211,0.397,4,51.25,7.25
2025-02-25,AMZN,176.27,-0.0036,0.4552,0.0447,0.3265,0.5345,0.208,0.2575,0.3565,0.3985,0.0072,-0.4968,0.3942,4,46.25,7.5
2025-02-26,AMZN,175.15,-0.0064,0.4088,0.0522,0.3364,0.5648,0.2285,0.2065,0.4552,0.3565,0.0074,1.8936,0.3944,4,46.75,7.25
2025-02-27,AMZN,174.28,-0.005,0.4713,0.0499,0.3472,0.5562,0.209,0.235,0.4088,0.4552,0.006,-0.554,0.4094,4,52.0,8.5
2025-02-28,AMZN,173.11,-0.0067,0.4045,0.056,0.3481,0.5605,0.2125,0.2268,0.4713,0.4088,0.0061,0.5441,0.4152,4,48.75,7.25
2025-03-01,AMZN,173.21,0.0006,0.3199,0.0384,0.2772,0.5232,0.246,0.2308,0.4045,0.4713,0.0057,0.5623,0.4021,4,48.75,7.25
2025-01-03,MSFT,416.37,-0.005,0.4517,0.0335,0.3162,0.5468,0.2305,0.2228,0.3717,0.3671,0.0045,-0.5524,0.3968,4,47.75,7.75
2025-01-04,MSFT,416.88,0.0012,0.4117,0.0385,0.2932,0.5152,0.222,0.263,0.4517,0.3717,0.0036,0.1607,0.4005,4,48.0,7.5
2025-01-05,MSFT,418.61,0.0041,0.3522,0.0418,0.2665,0.506,0.2395,0.2545,0.4117,0.4517,0.0039,0.4478,0.3909,4,48.75,7.25
2025-01-06,MSFT,420.04,0.0034,0.3879,0.0431,0.276,0.534,0.258,0.208,0.3522,0.4117,0.0036,0.7974,0.3904,4,46.0,7.0
2025-01-07,MSFT,423.38,0.0079,0.3106,0.0432,0.2712,0.5305,0.2592,0.2102,0.3879,0.3522,0.0043,-0.3674,0.379,4,48.25,7.25
2025-01-08,MSFT,426.27,0.0068,0.304,0.0455,0.2704,0.498,0.2278,0.2738,0.3106,0.3879,0.0043,0.5743,0.37,4,48.0,7.5
2025-01-09,MSFT,423.24,-0.0071,0.2966,0.0532,0.2372,0.4772,0.24,0.2828,0.304,0.3106,0.0057,0.0224,0.3592,4,48.75,7.25
2025-01-10,MSFT,419.69,-0.0084,0.3584,0.0228,0.2803,0.5288,0.2485,0.2225,0.2966,0.304,0.0065,-0.1133,0.3459,4,50.5,7.5
2025-01-11,MSFT,418.65,-0.0025,0.3104,0.0146,0.2402,0.5,0.2598,0.2402,0.3584,0.2966,0.0066,-0.1854,0.3314,4,50.5,7.5
2025-01-12,MSFT,420.63,0.0047,0.3037,0.0353,0.2182,0.495,0.2768,0.2285,0.3104,0.3584,0.0067,-0.6413,0.3245,4,46.75,7.25
2025-01-13,MSFT,419.54,-0.0026,0.3475,0.0359,0.255,0.5162,0.2612,0.2225,0.3037,0.3104,0.0067,2.0306,0.3187,4,49.25,7.25
2025-01-14,MSFT,422.31,0.0066,0.3061,0.0508,0.2619,0.516,0.254,0.2302,0.3475,0.3037,0.0064,-0.0924,0.3181,4,47.25,7.25
2025-01-15,MSFT,426.03,0.0088,0.3054,0.0275,0.234,0.4822,0.2482,0.2695,0.3061,0.3475,0.0068,0.3432,0.3183,4,48.25,7.25
2025-01-16,MSFT,428.8,0.0065,0.3612,0.0224,0.2789,0.525,0.246,0.2292,0.3054,0.3061,0.0064,0.056,0.3275,4,48.75,7.25
2025-01-17,MSFT,431.18,0.0055,0.2945,0.0414,0.2185,0.5122,0.2938,0.194,0.3612,0.3054,0.0045,-0.7308,0.3184,4,45.5,7.0
2025-01-18,MSFT,429.02,-0.005,0.2999,0.0296,0.2496,0.4942,0.2448,0.2605,0.2945,0.3612,0.0052,1.6127,0.3169,4,48.0,7.5
2025-01-19,MSFT,428.99,-0.0001,0.2634,0.0669,0.2442,0.5095,0.2652,0.2255,0.2999,0.2945,0.0053,-0.1487,0.3111,4,48.5,7.5
2025-01-20,MSFT,427.59,-0.0033,0.2229,0.0497,0.182,0.4735,0.2915,0.2348,0.2634,0.2999,0.0054,0.1537,0.2933,4,47.75,7.75
2025-01-21,MSFT,424.9,-0.0063,0.1894,0.0358,0.1677,0.4625,0.2948,0.243,0.2229,0.2634,0.0061,-0.5772,0.2767,4,48.25,7.25
2025-01-22,MSFT,427.54,0.0062,0.2001,0.0648,0.1518,0.472,0.3202,0.2075,0.1894,0.2229,0.0056,1.2685,0.2616,4,49.25,7.25
2025-01-23,MSFT,429.57,0.0047,0.2408,0.0513,0.2302,0.4795,0.2492,0.2712,0.2001,0.1894,0.0053,0.4495,0.2444,4,48.5,7.5
2025-01-24,MSFT,429.43,-0.0003,0.1774,0.05,0.1512,0.479,0.3278,0.1935,0.2408,0.2001,0.0047,-0.0007,0.2277,4,47.25,7.25
2025-01-25,MSFT,432.07,0.0061,0.2025,0.0535,0.177,0.487,0.31,0.203,0.1774,0.2408,0.0049,0.1768,0.2138,4,49.25,7.75
2025-01-26,MSFT,434.19,0.0049,0.2161,0.0593,0.1688,0.4765,0.3078,0.2155,0.2025,0.1774,0.005,-0.2639,0.207,4,48.75,7.25
2025-01-27,MSFT,436.93,0.0063,0.2847,0.0147,0.2473,0.4872,0.24,0.2725,0.2161,0.2025,0.0047,-0.5011,0.2159,4,48.0,7.5
2025-01-28,MSFT,435.65,-0.0029,0.3041,0.0213,0.245,0.515,0.27,0.215,0.2847,0.2161,0.0037,-0.0867,0.2322,4,50.5,7.5
2025-01-29,MSFT,438.26,0.006,0.2908,0.0473,0.2386,0.4982,0.2598,0.2418,0.3041,0.2847,0.0037,0.8777,0.2452,4,51.25,7.25
2025-01-30,MSFT,440.5,0.0051,0.3559,0.0514,0.3276,0.5545,0.227,0.2182,0.2908,0.3041,0.0037,-0.5267,0.2616,4,48.25,7.25
2025-01-31,MSFT,437.93,-0.0059,0.3031,0.0542,0.2738,0.5172,0.2435,0.239,0.3559,0.2908,0.005,1.2879,0.2796,4,48.25,7.25
2025-02-01,MSFT,437.21,-0.0016,0.254,0.0419,0.2223,0.4925,0.2702,0.237,0.3031,0.3559,0.005,-0.1893,0.287,4,48.0,7.5
2025-02-02,MSFT,437.48,0.0006,0.2042,0.0205,0.2368,0.4922,0.2555,0.252,0.254,0.3031,0.0048,-0.2458,0.2853,4,48.0,7.5
2025-02-03,MSFT,437.57,0.0002,0.2539,0.0351,0.1892,0.4658,0.2765,0.2578,0.2042,0.254,0.0042,-0.3302,0.2809,4,49.0,7.0
2025-02-04,MSFT,438.56,0.0023,0.2268,0.0344,0.185,0.4902,0.3052,0.2045,0.2539,0.2042,0.004,2.0517,0.2698,4,47.25,7.25
2025-02-05,MSFT,440.33,0.004,0.1587,0.0196,0.1416,0.4625,0.321,0.2162,0.2268,0.2539,0.0037,0.1625,0.2509,4,50.0,7.5
2025-02-06,MSFT,440.48,0.0003,0.13,0.0323,0.1609,0.4562,0.2952,0.2492,0.1587,0.2268,0.0031,-0.4163,0.2187,4,51.25,7.75
2025-02-07,MSFT,438.33,-0.0049,0.1248,0.0606,0.1453,0.4548,0.3095,0.2355,0.13,0.1587,0.0028,-0.1058,0.1932,4,45.5,7.5
2025-02-08,MSFT,438.08,-0.0006,0.1054,0.0501,0.089,0.4172,0.3282,0.2545,0.1248,0.13,0.0028,-0.3912,0.172,4,49.25,8.25
2025-02-09,MSFT,434.67,-0.0078,0.1389,0.0563,0.1312,0.4452,0.314,0.2408,0.1054,0.1248,0.0041,0.0426,0.1626,4,48.75,7.25
2025-02-10,MSFT,435.39,0.0017,0.1791,0.0325,0.137,0.453,0.316,0.2312,0.1389,0.1054,0.0042,-0.0488,0.152,4,50.5,7.5
2025-02-11,MSFT,434.05,-0.0031,0.0683,0.0441,0.0977,0.4208,0.323,0.2565,0.1791,0.1389,0.0041,-0.0,0.1293,4,50.5,8.25
2025-02-12,MSFT,431.86,-0.0051,0.0929,0.0083,0.0805,0.409,0.3285,0.2622,0.0683,0.1791,0.0034,2.1854,0.1199,4,48.5,8.5
2025-02-13,MSFT,430.05,-0.0042,0.13,0.0683,0.1368,0.4458,0.309,0.245,0.0929,0.0683,0.0031,-0.452,0.1199,4,50.5,7.5
2025-02-14,MSFT,428.42,-0.0038,0.1568,0.0554,0.1495,0.467,0.3175,0.2158,0.13,0.0929,0.0031,-0.3529,0.1245,4,50.25,7.25
2025-02-15,MSFT,430.03,0.0038,0.2406,0.0434,0.186,0.4655,0.2795,0.255,0.1568,0.13,0.004,1.4104,0.1438,4,48.5,7.5
2025-02-16,MSFT,431.53,0.0035,0.2164,0.0668,0.1842,0.4555,0.2712,0.2732,0.2406,0.1568,0.0038,0.1538,0.1549,4,50.0,7.5
2025-02-17,MSFT,428.9,-0.0061,0.2807,0.0305,0.246,0.5108,0.2648,0.2248,0.2164,0.2406,0.0041,-0.5147,0.1694,4,49.25,7.25
2025-02-18,MSFT,432.62,0.0086,0.1938,0.0507,0.1727,0.4692,0.2965,0.2345,0.2807,0.2164,0.0057,1.1477,0.1873,4,49.75,7.25
2025-02-19,MSFT,430.85,-0.0041,0.1867,0.0231,0.189,0.461,0.272,0.2668,0.1938,0.2807,0.0056,-0.787,0.2007,4,50.5,7.5
2025-02-20,MSFT,428.83,-0.0047,0.2097,0.0336,0.1813,0.4798,0.2985,0.2215,0.1867,0.1938,0.0056,3.2345,0.2121,4,49.5,7.0
2025-02-21,MSFT,430.57,0.004,0.2366,0.0432,0.1415,0.4408,0.2992,0.26,0.2097,0.1867,0.0056,0.0739,0.2235,4,48.5,7.5
2025-02-22,MSFT,426.87,-0.0086,0.2243,0.0605,0.1788,0.4715,0.2928,0.2358,0.2366,0.2097,0.0064,-0.1953,0.2212,4,48.25,7.25
2025-02-23,MSFT,429.07,0.0051,0.1837,0.0235,0.167,0.4615,0.2945,0.244,0.2243,0.2366,0.0066,-0.5557,0.2165,4,48.5,7.5
2025-02-24,MSFT,431.62,0.0059,0.2083,0.042,0.1671,0.4592,0.2922,0.2482,0.1837,0.2243,0.0066,0.0107,0.2062,4,48.5,7.5
2025-02-25,MSFT,435.49,0.0089,0.221,0.0301,0.2023,0.478,0.2758,0.2462,0.2083,0.1837,0.0066,0.2989,0.21,4,49.25,7.25
2025-02-26,MSFT,435.05,-0.001,0.1833,0.0425,0.1795,0.478,0.2985,0.2235,0.221,0.2083,0.0063,-0.2875,0.2096,4,48.75,7.25
2025-02-27,MSFT,437.03,0.0045,0.213,0.0316,0.1605,0.4468,0.2862,0.267,0.1833,0.221,0.0058,0.3336,0.21,4,49.75,7.75
2025-02-28,MSFT,434.71,-0.0053,0.1991,0.0326,0.1737,0.477,0.3032,0.2198,0.213,0.1833,0.0065,0.0583,0.2047,4,48.0,7.5
2025-03-01,MSFT,432.93,-0.0041,0.2206,0.0208,0.2002,0.4885,0.2882,0.2235,0.1991,0.213,0.0055,0.9255,0.2041,4,48.75,7.25
2025-01-03,NASDAQ,15668.73,0.0055,0.3004,0.0302,0.2445,0.5095,0.265,0.2255,0.2789,0.3349,0.0005,-0.2129,0.3047,4,48.25,7.25
2025-01-04,NASDAQ,15622.69,-0.0029,0.3281,0.0299,0.2298,0.4985,0.2688,0.2328,0.3004,0.2789,0.0047,0.2127,0.3106,4,50.5,7.5
2025-01-05,NASDAQ,15545.5,-0.005,0.3266,0.0129,0.2644,0.5272,0.2628,0.2102,0.3281,0.3004,0.0053,-0.1005,0.3138,4,48.0,7.5
2025-01-06,NASDAQ,15437.2,-0.007,0.3726,0.0383,0.2878,0.5235,0.2358,0.2408,0.3266,0.3281,0.0057,-0.0734,0.3236,4,48.5,7.5
2025-01-07,NASDAQ,15429.43,-0.0005,0.3282,0.0384,0.2868,0.5142,0.2275,0.2582,0.3726,0.3266,0.0051,0.2724,0.3242,4,45.25,7.25
2025-01-08,NASDAQ,15374.19,-0.0036,0.4004,0.0198,0.313,0.5305,0.2175,0.252,0.3282,0.3726,0.0048,-0.2049,0.3336,4,50.0,7.5
2025-01-09,NASDAQ,15424.3,0.0033,0.3793,0.0559,0.2939,0.5328,0.2388,0.2288,0.4004,0.3282,0.0045,0.2348,0.3479,4,46.5,7.5
2025-01-10,NASDAQ,15541.44,0.0076,0.3712,0.0517,0.2982,0.53,0.2318,0.2385,0.3793,0.4004,0.0051,-0.1827,0.3581,4,50.0,7.5
2025-01-11,NASDAQ,15537.72,-0.0002,0.3887,0.0441,0.3005,0.548,0.2475,0.2045,0.3712,0.3793,0.005,0.2753,0.3667,4,48.25,7.25
2025-01-12,NASDAQ,15621.05,0.0053,0.3586,0.0478,0.2869,0.5332,0.2462,0.2208,0.3887,0.3712,0.0051,-0.3142,0.3713,4,49.25,7.75
2025-01-13,NASDAQ,15529.13,-0.0059,0.3677,0.0433,0.2699,0.5212,0.2512,0.2278,0.3586,0.3887,0.0048,0.4475,0.3706,4,51.0,7.0
2025-01-14,NASDAQ,15564.85,0.0023,0.3853,0.0317,0.2987,0.546,0.2472,0.2068,0.3677,0.3586,0.0048,-0.2089,0.3787,4,50.75,7.25
2025-01-15,NASDAQ,15570.17,0.0003,0.3862,0.0501,0.3087,0.5462,0.2375,0.2162,0.3853,0.3677,0.0044,0.1398,0.3767,4,50.0,7.5
2025-01-16,NASDAQ,15566.25,-0.0003,0.3801,0.0147,0.301,0.5177,0.2168,0.2655,0.3862,0.3853,0.0044,-0.1869,0.3768,4,50.75,7.25
2025-01-17,NASDAQ,15575.38,0.0006,0.2826,0.0369,0.2225,0.502,0.2795,0.2185,0.3801,0.3862,0.0034,0.0868,0.3642,4,49.25,7.75
2025-01-18,NASDAQ,15571.31,-0.0003,0.3668,0.0683,0.2817,0.5342,0.2525,0.2135,0.2826,0.3801,0.0034,-0.1065,0.361,4,49.5,7.5
2025-01-19,NASDAQ,15587.39,0.001,0.3672,0.048,0.291,0.5225,0.2315,0.246,0.3668,0.2826,0.0026,0.2537,0.3623,4,49.75,7.75
2025-01-20,NASDAQ,15514.82,-0.0047,0.3366,0.0632,0.2566,0.5048,0.2482,0.2468,0.3672,0.3668,0.0022,-0.0997,0.3578,4,49.0,8.0
2025-01-21,NASDAQ,15475.68,-0.0025,0.2775,0.0674,0.2459,0.52,0.2742,0.2052,0.3366,0.3672,0.002,-0.1555,0.3424,4,50.0,7.5
2025-01-22,NASDAQ,15470.9,-0.0003,0.334,0.0407,0.235,0.5045,0.2695,0.2262,0.2775,0.3366,0.002,0.5021,0.335,4,46.5,7.5
2025-01-23,NASDAQ,15371.46,-0.0064,0.2938,0.0572,0.2345,0.5085,0.274,0.2175,0.334,0.2775,0.0028,-0.2029,0.3226,4,49.25,7.25
2025-01-24,NASDAQ,15361.83,-0.0006,0.2822,0.0268,0.2436,0.5022,0.2585,0.2398,0.2938,0.334,0.0027,0.0838,0.3226,4,47.5,7.0
2025-01-25,NASDAQ,15289.75,-0.0047,0.2947,0.0658,0.2337,0.494,0.2602,0.246,0.2822,0.2938,0.0028,-0.1146,0.3123,4,48.0,7.5
2025-01-26,NASDAQ,15198.59,-0.006,0.293,0.0474,0.2952,0.5258,0.2305,0.2438,0.2947,0.2822,0.0025,0.31,0.3017,4,45.5,7.0
2025-01-27,NASDAQ,15109.99,-0.0058,0.2778,0.0374,0.2337,0.5032,0.2695,0.2275,0.293,0.2947,0.0026,-0.118,0.2933,4,50.75,7.25
2025-01-28,NASDAQ,15193.81,0.0055,0.2645,0.0457,0.2112,0.4905,0.2792,0.2302,0.2778,0.293,0.0044,-0.0253,0.2914,4,49.5,7.0
2025-01-29,NASDAQ,15279.57,0.0056,0.2571,0.0694,0.2115,0.4755,0.264,0.2605,0.2645,0.2778,0.0054,-0.0922,0.2804,4,49.75,7.75
2025-01-30,NASDAQ,15245.41,-0.0022,0.2617,0.0297,0.2145,0.49,0.2755,0.2345,0.2571,0.2645,0.005,0.2178,0.2759,4,48.75,7.25
2025-01-31,NASDAQ,15226.42,-0.0012,0.2392,0.0433,0.193,0.4808,0.2878,0.2315,0.2617,0.2571,0.005,-0.1784,0.2697,4,49.0,7.0
2025-02-01,NASDAQ,15191.64,-0.0023,0.259,0.0586,0.2113,0.4958,0.2845,0.2198,0.2392,0.2617,0.0048,-0.0777,0.2646,4,48.5,7.5
2025-02-02,NASDAQ,15141.63,-0.0033,0.2507,0.0328,0.2293,0.493,0.2638,0.2432,0.259,0.2392,0.0044,0.3828,0.2586,4,48.25,7.25
2025-02-03,NASDAQ,15220.17,0.0052,0.1903,0.04,0.1722,0.4628,0.2905,0.247,0.2507,0.259,0.0042,-0.0585,0.2461,4,50.75,7.25
2025-02-04,NASDAQ,15227.53,0.0005,0.2285,0.0398,0.2312,0.496,0.2648,0.2392,0.1903,0.2507,0.0037,-0.2149,0.2409,4,46.75,7.25
2025-02-05,NASDAQ,15202.07,-0.0017,0.2863,0.039,0.2264,0.5045,0.278,0.2178,0.2285,0.1903,0.0029,0.0703,0.2451,4,47.25,7.25
2025-02-06,NASDAQ,15089.98,-0.0074,0.3098,0.0479,0.2265,0.491,0.2645,0.2445,0.2863,0.2285,0.0038,0.1236,0.252,4,46.5,7.5
2025-02-07,NASDAQ,15160.95,0.0047,0.2527,0.0693,0.24,0.5012,0.2612,0.2375,0.3098,0.2863,0.0045,0.036,0.2539,4,50.25,7.25
2025-02-08,NASDAQ,15214.25,0.0035,0.1836,0.0333,0.2128,0.5005,0.2878,0.2115,0.2527,0.3098,0.0046,0.1021,0.2431,4,48.5,7.5
2025-02-09,NASDAQ,15306.81,0.0061,0.1618,0.0651,0.1717,0.4608,0.289,0.2508,0.1836,0.2527,0.0048,-0.299,0.2304,4,46.25,7.5
2025-02-10,NASDAQ,15297.54,-0.0006,0.1024,0.0506,0.1314,0.4565,0.325,0.2188,0.1618,0.1836,0.0046,0.1055,0.2179,4,50.5,8.5
2025-02-11,NASDAQ,15260.9,-0.0024,0.0724,0.0103,0.105,0.4375,0.3325,0.23,0.1024,0.1618,0.0047,-0.0005,0.1956,4,45.25,7.5
2025-02-12,NASDAQ,15182.33,-0.0052,0.1793,0.0451,0.1815,0.461,0.2795,0.2592,0.0724,0.1024,0.0051,-0.0484,0.1803,4,47.75,7.75
2025-02-13,NASDAQ,15114.05,-0.0045,0.1292,0.0456,0.1423,0.4385,0.2962,0.265,0.1793,0.0724,0.0045,-0.1355,0.1545,4,50.0,7.75
2025-02-14,NASDAQ,15114.92,0.0001,0.1163,0.0505,0.154,0.4622,0.3083,0.2298,0.1292,0.1793,0.0041,0.2101,0.135,4,48.75,8.0
2025-02-15,NASDAQ,15161.42,0.0031,0.0958,0.0271,0.1158,0.4442,0.3285,0.227,0.1163,0.1292,0.004,-0.086,0.1225,4,50.5,8.25
2025-02-16,NASDAQ,15114.68,-0.0031,0.0794,0.0628,0.095,0.415,0.32,0.265,0.0958,0.1163,0.0029,0.1707,0.1107,4,50.0,8.75
2025-02-17,NASDAQ,15134.68,0.0013,0.178,0.0466,0.2298,0.4875,0.2578,0.2548,0.0794,0.0958,0.0031,0.1362,0.1215,4,49.25,7.25
2025-02-18,NASDAQ,15154.11,0.0013,0.1326,0.0537,0.1661,0.4565,0.2905,0.2525,0.178,0.0794,0.0032,-0.2061,0.1301,4,50.5,7.25
2025-02-19,NASDAQ,15218.27,0.0042,0.1137,0.0551,0.117,0.4318,0.3148,0.2538,0.1326,0.178,0.0032,0.242,0.1207,4,50.0,8.75
2025-02-20,NASDAQ,15212.26,-0.0004,0.083,0.0617,0.121,0.4375,0.3165,0.2463,0.1137,0.1326,0.0024,-0.157,0.1141,4,48.25,8.0
2025-02-21,NASDAQ,15236.59,0.0016,0.103,0.0426,0.144,0.4402,0.2962,0.2632,0.083,0.1137,0.0024,-0.0335,0.1122,4,49.0,7.75
2025-02-22,NASDAQ,15243.49,0.0005,0.1332,0.0419,0.1508,0.4448,0.294,0.2612,0.103,0.083,0.0022,0.1128,0.1176,4,47.75,7.5
2025-02-23,NASDAQ,15236.32,-0.0005,0.0803,0.015,0.111,0.4435,0.3325,0.224,0.1332,0.103,0.0016,0.1268,0.1177,4,48.75,8.0
2025-02-24,NASDAQ,15355.09,0.0078,0.084,0.0314,0.0702,0.4185,0.3482,0.2335,0.0803,0.1332,0.003,-0.1633,0.1043,4,48.25,8.0
2025-02-25,NASDAQ,15372.78,0.0012,0.1442,0.0635,0.1668,0.4678,0.301,0.2312,0.084,0.0803,0.003,0.1825,0.1059,4,49.75,8.25
2025-02-26,NASDAQ,15446.75,0.0048,0.13,0.0466,0.115,0.4302,0.3153,0.2542,0.1442,0.084,0.0031,-0.187,0.1082,4,46.25,7.5
2025-02-27,NASDAQ,15370.78,-0.0049,0.1303,0.0569,0.1147,0.4342,0.3195,0.2465,0.13,0.1442,0.004,0.1037,0.115,4,49.5,7.75
2025-02-28,NASDAQ,15298.98,-0.0047,0.1748,0.0259,0.1698,0.4735,0.3038,0.2225,0.1303,0.13,0.0046,-0.0334,0.1253,4,49.75,7.75
2025-03-01,NASDAQ,15303.59,0.0003,0.1215,0.0509,0.1359,0.4355,0.2995,0.2652,0.1748,0.1303,0.0046,0.1107,0.1236,4,50.5,8.25
2025-01-03,NIFTY50,22384.42,0.0051,0.3211,0.0495,0.2555,0.4958,0.2402,0.264,0.3201,0.2246,0.0075,-0.0408,0.2886,4,47.5,7.0
2025-01-04,NIFTY50,22342.49,-0.0019,0.3036,0.0385,0.2604,0.497,0.2365,0.2668,0.3211,0.3201,0.0054,0.1525,0.2924,4,48.0,7.5
2025-01-05,NIFTY50,22370.87,0.0013,0.3239,0.0691,0.2723,0.5082,0.236,0.2555,0.3036,0.3211,0.0045,-0.1886,0.2987,4,46.5,7.5
2025-01-06,NIFTY50,22379.9,0.0004,0.3885,0.047,0.3062,0.5385,0.2322,0.2292,0.3239,0.3036,0.0039,-0.1464,0.3136,4,49.25,7.25
2025-01-07,NIFTY50,22496.61,0.0052,0.336,0.0498,0.2652,0.5182,0.253,0.2288,0.3885,0.3239,0.0041,0.1759,0.3168,4,47.0,7.0
2025-01-08,NIFTY50,22550.48,0.0024,0.3258,0.0279,0.2543,0.4968,0.2425,0.2605,0.336,0.3885,0.0038,0.2039,0.3313,4,50.5,7.5
2025-01-09,NIFTY50,22466.74,-0.0037,0.2618,0.0317,0.2167,0.4762,0.2595,0.2645,0.3258,0.336,0.0033,-0.1375,0.323,4,49.25,7.25
2025-01-10,NIFTY50,22483.46,0.0007,0.2847,0.0365,0.2468,0.5112,0.2645,0.2242,0.2618,0.3258,0.0029,-0.098,0.3178,4,48.0,7.5
2025-01-11,NIFTY50,22460.03,-0.001,0.334,0.0576,0.242,0.5172,0.2752,0.2075,0.2847,0.2618,0.0028,0.3022,0.3221,4,49.25,7.75
2025-01-12,NIFTY50,22349.49,-0.0049,0.3636,0.0357,0.3205,0.5458,0.2252,0.229,0.334,0.2847,0.0035,-0.3163,0.3278,4,50.25,7.25
2025-01-13,NIFTY50,22293.16,-0.0025,0.3316,0.0187,0.2763,0.5398,0.2635,0.1965,0.3636,0.334,0.0036,0.2326,0.3196,4,49.5,7.5
2025-01-14,NIFTY50,22290.57,-0.0001,0.408,0.0258,0.3193,0.551,0.2318,0.217,0.3316,0.3636,0.0026,0.0973,0.3299,4,50.25,7.25
2025-01-15,NIFTY50,22388.83,0.0044,0.4158,0.0519,0.3432,0.558,0.2148,0.2272,0.408,0.3316,0.0031,0.0298,0.3428,4,50.0,7.5
2025-01-16,NIFTY50,22405.71,0.0008,0.4058,0.0546,0.334,0.5382,0.2042,0.2575,0.4158,0.408,0.0029,-0.0353,0.3634,4,50.25,7.25
2025-01-17,NIFTY50,22389.14,-0.0007,0.4476,0.0363,0.3528,0.564,0.211,0.2255,0.4058,0.4158,0.0029,-0.0878,0.3866,4,49.5,7.5
2025-01-18,NIFTY50,22369.8,-0.0009,0.481,0.0401,0.3531,0.5745,0.2215,0.2037,0.4476,0.4058,0.0029,0.2011,0.4076,4,51.5,9.0
2025-01-19,NIFTY50,22353.19,-0.0007,0.4861,0.0687,0.3768,0.571,0.1942,0.2348,0.481,0.4476,0.0022,-0.2533,0.4251,4,52.25,8.75
2025-01-20,NIFTY50,22479.36,0.0056,0.4784,0.0639,0.3833,0.579,0.1958,0.225,0.4861,0.481,0.0027,-0.0379,0.4461,4,46.75,8.0
2025-01-21,NIFTY50,22618.56,0.0062,0.4452,0.0396,0.3662,0.5618,0.1955,0.2428,0.4784,0.4861,0.0032,-0.077,0.4514,4,46.75,8.25
2025-01-22,NIFTY50,22652.35,0.0015,0.5067,0.0453,0.3775,0.5805,0.203,0.2165,0.4452,0.4784,0.003,0.395,0.4644,4,49.5,8.25
2025-01-23,NIFTY50,22705.14,0.0023,0.4494,0.0544,0.3582,0.5692,0.211,0.22,0.5067,0.4452,0.003,-0.1689,0.4706,4,48.0,7.5
2025-01-24,NIFTY50,22794.77,0.0039,0.4782,0.0646,0.3523,0.5412,0.1888,0.2705,0.4494,0.5067,0.0028,0.1611,0.475,4,47.25,8.0
2025-01-25,NIFTY50,22889.73,0.0042,0.4423,0.0598,0.3262,0.5612,0.235,0.204,0.4782,0.4494,0.0024,-0.03,0.4695,4,50.0,8.5
2025-01-26,NIFTY50,22881.26,-0.0004,0.4621,0.013,0.3628,0.5695,0.2068,0.2238,0.4423,0.4782,0.0023,-0.1464,0.466,4,45.25,7.25
2025-01-27,NIFTY50,22803.54,-0.0034,0.5414,0.0411,0.4276,0.5982,0.1705,0.2315,0.4621,0.4423,0.0032,0.0839,0.475,4,49.75,9.0
2025-01-28,NIFTY50,22795.03,-0.0004,0.474,0.0418,0.3882,0.574,0.1858,0.2402,0.5414,0.4621,0.0027,0.2497,0.4792,4,51.5,8.0
2025-01-29,NIFTY50,22782.37,-0.0006,0.5163,0.0362,0.4038,0.5888,0.185,0.2262,0.474,0.5414,0.0028,-0.1281,0.4805,4,48.0,8.0
2025-01-30,NIFTY50,22803.92,0.0009,0.464,0.0416,0.3431,0.551,0.208,0.2408,0.5163,0.474,0.0027,0.1155,0.4826,4,47.0,7.25
2025-01-31,NIFTY50,22931.76,0.0056,0.4175,0.024,0.317,0.552,0.235,0.213,0.464,0.5163,0.0031,-0.303,0.4739,4,46.5,7.5
2025-02-01,NIFTY50,22889.25,-0.0019,0.504,0.0435,0.4091,0.5968,0.1878,0.2152,0.4175,0.464,0.0028,0.0485,0.4828,4,52.5,10.0
2025-02-02,NIFTY50,22759.95,-0.0057,0.4712,0.0466,0.379,0.5933,0.2142,0.1925,0.504,0.4175,0.0036,0.1066,0.4841,4,51.75,8.75
2025-02-03,NIFTY50,22788.76,0.0013,0.5336,0.0349,0.4207,0.5833,0.1628,0.2535,0.4712,0.504,0.0034,-0.0743,0.4829,4,54.25,9.75
2025-02-04,NIFTY50,22774.55,-0.0006,0.6093,0.0304,0.4601,0.6355,0.1752,0.1895,0.5336,0.4712,0.0034,0.1784,0.5023,4,55.5,10.5
2025-02-05,NIFTY50,22808.92,0.0015,0.5884,0.0478,0.4184,0.5882,0.1698,0.2422,0.6093,0.5336,0.0035,0.0249,0.5126,4,58.25,10.25
2025-02-06,NIFTY50,22931.51,0.0054,0.5092,0.0299,0.3736,0.5655,0.192,0.2422,0.5884,0.6093,0.004,-0.1387,0.519,4,49.5,9.5
2025-02-07,NIFTY50,22938.23,0.0003,0.494,0.0369,0.3975,0.5782,0.1808,0.241,0.5092,0.5884,0.0034,0.2389,0.53,4,55.25,9.75
2025-02-08,NIFTY50,23027.96,0.0039,0.5775,0.0583,0.4218,0.586,0.1642,0.2498,0.494,0.5092,0.0035,0.0693,0.5405,4,44.75,8.0
2025-02-09,NIFTY50,23128.88,0.0044,0.4666,0.0354,0.3719,0.5648,0.1928,0.2428,0.5775,0.494,0.0023,-0.1539,0.5398,4,48.5,7.5
2025-02-10,NIFTY50,23082.6,-0.002,0.4675,0.061,0.3412,0.5565,0.2155,0.2275,0.4666,0.5775,0.0028,0.1711,0.5304,4,50.5,8.0
2025-02-11,NIFTY50,23150.3,0.0029,0.5214,0.0591,0.4064,0.5955,0.1888,0.2165,0.4675,0.4666,0.0026,-0.2297,0.5178,4,53.25,9.75
2025-02-12,NIFTY50,23065.87,-0.0037,0.5066,0.0288,0.3763,0.5752,0.199,0.2258,0.5214,0.4675,0.0034,0.0522,0.5061,4,53.5,8.75
2025-02-13,NIFTY50,23204.84,0.006,0.4659,0.0563,0.326,0.5695,0.2435,0.187,0.5066,0.5214,0.0036,0.0998,0.4999,4,50.0,8.0
2025-02-14,NIFTY50,23238.08,0.0014,0.445,0.017,0.3388,0.5495,0.2108,0.2398,0.4659,0.5066,0.0035,-0.0329,0.4929,4,50.5,7.5
2025-02-15,NIFTY50,23244.98,0.0003,0.4686,0.0446,0.3436,0.5615,0.218,0.2202,0.445,0.4659,0.0034,-0.1903,0.4774,4,48.0,7.5
2025-02-16,NIFTY50,23281.16,0.0016,0.4324,0.0226,0.358,0.5585,0.2005,0.241,0.4686,0.445,0.0032,0.4847,0.4725,4,49.0,8.0
2025-02-17,NIFTY50,23385.82,0.0045,0.4168,0.0347,0.2998,0.5472,0.2475,0.205,0.4324,0.4686,0.0031,-0.1775,0.4652,4,50.0,7.5
2025-02-18,NIFTY50,23256.62,-0.0055,0.4733,0.0275,0.3541,0.5598,0.2058,0.2342,0.4168,0.4324,0.0041,-0.1517,0.4584,4,52.0,7.0
2025-02-19,NIFTY50,23347.07,0.0039,0.4829,0.0388,0.3768,0.5635,0.1868,0.2495,0.4733,0.4168,0.0038,0.0031,0.455,4,48.0,7.25
2025-02-20,NIFTY50,23283.95,-0.0027,0.544,0.0513,0.3664,0.5888,0.2225,0.1885,0.4829,0.4733,0.0036,0.4233,0.4661,4,51.25,9.75
2025-02-21,NIFTY50,23185.14,-0.0043,0.4832,0.0409,0.3845,0.581,0.1965,0.2225,0.544,0.4829,0.0039,-0.2328,0.4716,4,51.5,8.5
2025-02-22,NIFTY50,23091.4,-0.0041,0.4962,0.0532,0.3485,0.5762,0.2278,0.196,0.4832,0.544,0.0042,0.1134,0.4755,4,52.25,8.75
2025-02-23,NIFTY50,23089.12,-0.0001,0.5076,0.036,0.3482,0.5542,0.206,0.2398,0.4962,0.4832,0.004,0.0456,0.4863,4,53.75,8.75
2025-02-24,NIFTY50,23204.33,0.005,0.5638,0.0358,0.3968,0.5818,0.185,0.233,0.5076,0.4962,0.0042,-0.0989,0.5073,4,51.0,9.75
2025-02-25,NIFTY50,23183.04,-0.0009,0.5586,0.0523,0.4188,0.6142,0.1955,0.1902,0.5638,0.5076,0.0037,0.0187,0.5195,4,50.75,9.0
2025-02-26,NIFTY50,23261.94,0.0034,0.5969,0.0294,0.4395,0.612,0.1725,0.2155,0.5586,0.5638,0.0036,0.098,0.5358,4,57.75,10.75
2025-02-27,NIFTY50,23362.81,0.0043,0.5814,0.0127,0.4184,0.59,0.1718,0.238,0.5969,0.5586,0.0038,-0.2396,0.5411,4,54.0,9.75
2025-02-28,NIFTY50,23285.17,-0.0033,0.5114,0.0519,0.4008,0.5972,0.1965,0.2062,0.5814,0.5969,0.0037,0.2971,0.5451,4,51.5,9.0
2025-03-01,NIFTY50,23349.25,0.0027,0.5972,0.0395,0.484,0.6338,0.1498,0.2165,0.5114,0.5814,0.0031,-0.1346,0.5596,4,52.0,9.75
2025-01-03,NVDA,833.83,0.0003,0.5784,0.0398,0.4434,0.608,0.1645,0.2278,0.5594,0.5221,0.0034,-0.0833,0.5533,4,54.75,9.5
2025-01-04,NVDA,822.92,-0.0132,0.6129,0.0328,0.4596,0.6162,0.1568,0.2268,0.5784,0.5594,0.0095,-0.7014,0.5682,4,54.0,9.75
2025-01-05,NVDA,822.18,-0.0009,0.6751,0.0451,0.5126,0.6468,0.134,0.2195,0.6129,0.5784,0.0078,0.5142,0.5896,4,55.0,9.75
2025-01-06,NVDA,827.34,0.0063,0.6555,0.0344,0.5002,0.6418,0.1415,0.2168,0.6751,0.6129,0.0077,1.0298,0.6006,4,52.75,9.5
2025-01-07,NVDA,817.22,-0.0123,0.7719,0.0269,0.5568,0.67,0.1132,0.2168,0.6555,0.6751,0.0084,0.1908,0.625,4,52.75,9.5
2025-01-08,NVDA,823.92,0.0082,0.7134,0.0466,0.5337,0.6567,0.123,0.2202,0.7719,0.6555,0.0087,-0.1099,0.6524,4,60.0,10.0
2025-01-09,NVDA,813.0,-0.0133,0.7934,0.0582,0.5655,0.6825,0.117,0.2005,0.7134,0.7719,0.0093,-0.3191,0.6858,4,54.75,10.75
2025-01-10,NVDA,808.06,-0.0061,0.747,0.0623,0.5342,0.6815,0.1472,0.1713,0.7934,0.7134,0.0092,-0.025,0.7099,4,52.25,10.0
2025-01-11,NVDA,815.08,0.0086,0.7161,0.056,0.536,0.647,0.111,0.242,0.747,0.7934,0.0094,0.2959,0.7246,4,55.0,9.75
2025-01-12,NVDA,817.47,0.0029,0.6888,0.0249,0.4421,0.612,0.17,0.2178,0.7161,0.747,0.0096,-0.6047,0.7266,4,57.5,10.5
2025-01-13,NVDA,828.69,0.0136,0.6429,0.0461,0.5025,0.645,0.1425,0.2125,0.6888,0.7161,0.0108,0.1326,0.7248,4,57.5,10.5
2025-01-14,NVDA,835.85,0.0086,0.6627,0.0102,0.462,0.6265,0.1642,0.2098,0.6429,0.6888,0.0096,2.1655,0.7092,4,48.5,9.0
2025-01-15,NVDA,825.63,-0.0123,0.6383,0.0098,0.4402,0.6098,0.1695,0.221,0.6627,0.6429,0.0109,0.0902,0.6985,4,57.5,10.5
2025-01-16,NVDA,830.54,0.0059,0.7445,0.0587,0.5485,0.6648,0.1162,0.219,0.6383,0.6627,0.0091,-0.5554,0.6915,4,46.75,8.0
2025-01-17,NVDA,843.41,0.0154,0.7266,0.0465,0.5448,0.678,0.1332,0.1888,0.7445,0.6383,0.0092,-0.4326,0.6886,4,50.25,8.75
2025-01-18,NVDA,832.05,-0.0136,0.787,0.0581,0.5665,0.6832,0.1165,0.2007,0.7266,0.7445,0.0117,2.6461,0.6987,4,55.0,9.75
2025-01-19,NVDA,820.9,-0.0135,0.6954,0.0499,0.4985,0.6398,0.1412,0.219,0.787,0.7266,0.0132,-0.7045,0.6996,4,58.5,10.5
2025-01-20,NVDA,832.58,0.0141,0.6794,0.0593,0.5066,0.6365,0.13,0.2332,0.6954,0.787,0.0133,2.8326,0.7048,4,54.75,9.5
2025-01-21,NVDA,834.43,0.0022,0.681,0.0645,0.514,0.6518,0.138,0.2098,0.6794,0.6954,0.0129,-0.0668,0.7075,4,55.5,10.5
2025-01-22,NVDA,825.91,-0.0103,0.6877,0.0356,0.5451,0.6647,0.1195,0.216,0.681,0.6794,0.0126,-0.3128,0.7145,4,58.0,10.0
2025-01-23,NVDA,827.09,0.0014,0.6403,0.0523,0.4782,0.6512,0.173,0.1758,0.6877,0.681,0.0123,-0.574,0.6996,4,53.75,9.5
2025-01-24,NVDA,830.91,0.0046,0.6679,0.0535,0.5134,0.6492,0.136,0.2145,0.6403,0.6877,0.0105,-0.0263,0.6912,4,60.25,10.25
2025-01-25,NVDA,833.99,0.0037,0.6903,0.02,0.519,0.6588,0.1398,0.2015,0.6679,0.6403,0.0094,1.1704,0.6774,4,55.75,10.75
2025-01-26,NVDA,836.98,0.0036,0.6818,0.0689,0.4754,0.6178,0.1422,0.2402,0.6903,0.6679,0.0071,0.2789,0.6755,4,52.25,10.0
2025-01-27,NVDA,828.9,-0.0097,0.646,0.0476,0.4765,0.6182,0.1417,0.24,0.6818,0.6903,0.0065,-0.455,0.6707,4,55.0,9.75
2025-01-28,NVDA,835.57,0.008,0.6927,0.0686,0.5051,0.6498,0.1445,0.206,0.646,0.6818,0.0072,-0.1021,0.6724,4,52.25,10.0
2025-01-29,NVDA,838.93,0.004,0.7225,0.0434,0.522,0.6535,0.1315,0.215,0.6927,0.646,0.0056,1.037,0.6774,4,55.5,10.5
2025-01-30,NVDA,842.57,0.0043,0.7532,0.0435,0.5414,0.6562,0.115,0.2285,0.7225,0.6927,0.0057,0.0655,0.6935,4,46.75,8.0
2025-01-31,NVDA,843.17,0.0007,0.7035,0.0629,0.4971,0.6607,0.1638,0.1752,0.7532,0.7225,0.0056,-0.3971,0.6986,4,59.25,10.25
2025-02-01,NVDA,831.68,-0.0137,0.6783,0.0394,0.5072,0.6388,0.1318,0.229,0.7035,0.7532,0.0081,0.315,0.6969,4,56.0,11.0
2025-02-02,NVDA,831.07,-0.0007,0.6634,0.0356,0.4932,0.6398,0.1465,0.2138,0.6783,0.7035,0.0079,0.5552,0.6942,4,58.5,10.5
2025-02-03,NVDA,831.3,0.0003,0.7034,0.0623,0.499,0.6272,0.1282,0.2445,0.6634,0.6783,0.0069,-0.3041,0.7024,4,49.25,8.75
2025-02-04,NVDA,833.02,0.0021,0.7504,0.0442,0.5325,0.643,0.1105,0.2465,0.7034,0.6634,0.0062,0.1752,0.7107,4,48.5,9.0
2025-02-05,NVDA,821.04,-0.0145,0.7443,0.0495,0.5502,0.6765,0.1262,0.1972,0.7504,0.7034,0.0077,-0.4745,0.7138,4,56.75,10.75
2025-02-06,NVDA,810.15,-0.0134,0.6945,0.0291,0.4855,0.6315,0.146,0.2225,0.7443,0.7504,0.0078,-0.2886,0.7054,4,56.5,10.5
2025-02-07,NVDA,801.08,-0.0113,0.725,0.0169,0.4575,0.6148,0.157,0.2288,0.6945,0.7443,0.0075,-0.2584,0.7085,4,58.25,10.25
2025-02-08,NVDA,794.91,-0.0077,0.7514,0.0461,0.5754,0.678,0.1028,0.219,0.725,0.6945,0.0069,0.7715,0.7189,4,57.5,10.5
2025-02-09,NVDA,795.77,0.0011,0.7277,0.047,0.5164,0.6645,0.148,0.1878,0.7514,0.725,0.0072,0.702,0.7281,4,53.75,10.75
2025-02-10,NVDA,792.77,-0.0038,0.6719,0.0498,0.5155,0.6542,0.1385,0.2078,0.7277,0.7514,0.0067,-0.141,0.7236,4,52.75,9.5
2025-02-11,NVDA,801.73,0.0112,0.6945,0.0416,0.5382,0.666,0.1278,0.2062,0.6719,0.7277,0.0092,-0.5082,0.7156,4,52.75,10.75
2025-02-12,NVDA,795.01,-0.0084,0.7313,0.0596,0.5344,0.6498,0.1155,0.2345,0.6945,0.6719,0.0085,0.1832,0.7138,4,53.75,9.5
2025-02-13,NVDA,794.43,-0.0007,0.7733,0.0295,0.5349,0.666,0.1312,0.2025,0.7313,0.6945,0.0076,1.741,0.725,4,57.5,10.5
2025-02-14,NVDA,796.53,0.0026,0.7761,0.0541,0.5672,0.6862,0.1192,0.1942,0.7733,0.7313,0.0068,-0.0432,0.7323,4,54.75,9.5
2025-02-15,NVDA,799.74,0.004,0.8173,0.0421,0.5948,0.6775,0.0827,0.2398,0.7761,0.7733,0.0062,-0.7538,0.7417,4,51.0,8.5
2025-02-16,NVDA,795.5,-0.0053,0.832,0.0415,0.6041,0.7025,0.0982,0.1995,0.8173,0.7761,0.0066,1.8283,0.7566,4,54.5,10.5
2025-02-17,NVDA,794.09,-0.0018,0.7468,0.0537,0.5407,0.6535,0.1128,0.2338,0.832,0.8173,0.0065,-0.4009,0.7673,4,48.25,8.75
2025-02-18,NVDA,783.97,-0.0128,0.7982,0.0622,0.5841,0.696,0.1118,0.1925,0.7468,0.832,0.006,0.2679,0.7821,4,56.75,10.75
2025-02-19,NVDA,795.57,0.0147,0.8224,0.0526,0.5798,0.6885,0.1085,0.2032,0.7982,0.7468,0.0085,-0.5437,0.7952,4,52.75,9.5
2025-02-20,NVDA,804.14,0.0107,0.8634,0.0378,0.6045,0.6955,0.091,0.2135,0.8224,0.7982,0.0094,2.0393,0.808,4,46.5,9.0
2025-02-21,NVDA,805.67,0.0019,0.82,0.0599,0.5678,0.6742,0.1065,0.2192,0.8634,0.8224,0.0094,-0.6247,0.8143,4,53.75,9.5
2025-02-22,NVDA,795.37,-0.0129,0.8604,0.0728,0.6056,0.6962,0.0905,0.2135,0.82,0.8634,0.0107,0.2032,0.8205,4,50.0,9.75
2025-02-23,NVDA,803.55,0.0102,0.8076,0.0484,0.5954,0.7075,0.112,0.1808,0.8604,0.82,0.0112,0.8332,0.817,4,56.0,11.0
2025-02-24,NVDA,795.61,-0.0099,0.8611,0.01,0.6062,0.7028,0.0968,0.2002,0.8076,0.8604,0.012,0.1391,0.8333,4,58.5,10.5
2025-02-25,NVDA,804.41,0.011,0.8544,0.0459,0.6134,0.6935,0.0802,0.226,0.8611,0.8076,0.011,0.5324,0.8413,4,51.0,8.5
2025-02-26,NVDA,806.75,0.0029,0.8103,0.0148,0.5906,0.6758,0.085,0.2395,0.8544,0.8611,0.0099,-0.7408,0.8396,4,54.25,10.0
2025-02-27,NVDA,819.14,0.0152,0.8742,0.0503,0.5796,0.6862,0.1068,0.2068,0.8103,0.8544,0.0107,1.5233,0.8411,4,54.5,9.25
2025-02-28,NVDA,828.99,0.012,0.941,0.0498,0.6575,0.7358,0.0782,0.186,0.8742,0.8103,0.0112,-0.66,0.8584,4,56.5,10.5
2025-03-01,NVDA,823.14,-0.0071,0.8448,0.0423,0.5823,0.6748,0.0922,0.2332,0.941,0.8742,0.0099,1.6192,0.8562,4,50.5,9.0
2025-01-03,SENSEX,73171.71,-0.0016,0.2277,0.0383,0.226,0.4992,0.2732,0.2275,0.1867,0.1686,0.0004,0.3533,0.1943,4,50.25,7.25
2025-01-04,SENSEX,72787.01,-0.0053,0.2735,0.0512,0.2333,0.4765,0.2432,0.28,0.2277,0.1867,0.002,-0.3427,0.2141,4,51.5,7.0
2025-01-05,SENSEX,72868.68,0.0011,0.3104,0.0593,0.2932,0.521,0.2278,0.2513,0.2735,0.2277,0.0026,-0.0176,0.2334,4,46.5,7.5
2025-01-06,SENSEX,73089.43,0.003,0.2743,0.049,0.189,0.4685,0.2795,0.252,0.3104,0.2735,0.0032,0.0153,0.2402,4,48.25,7.25
2025-01-07,SENSEX,73475.44,0.0053,0.306,0.0242,0.2564,0.5055,0.249,0.2458,0.2743,0.3104,0.0038,0.2553,0.2496,4,50.0,7.5
2025-01-08,SENSEX,73161.86,-0.0043,0.2163,0.0487,0.206,0.466,0.26,0.274,0.306,0.2743,0.0039,0.0653,0.2564,4,46.5,7.5
2025-01-09,SENSEX,73184.46,0.0003,0.2316,0.0469,0.2035,0.4708,0.2672,0.262,0.2163,0.306,0.0038,-0.2662,0.2628,4,48.5,7.5
2025-01-10,SENSEX,73373.48,0.0026,0.2595,0.0738,0.246,0.4992,0.2532,0.2472,0.2316,0.2163,0.0039,0.201,0.2674,4,46.5,7.5
2025-01-11,SENSEX,73758.34,0.0052,0.2501,0.0427,0.2155,0.4905,0.275,0.2345,0.2595,0.2316,0.0033,0.2848,0.264,4,47.25,7.25
2025-01-12,SENSEX,73433.07,-0.0044,0.1948,0.0498,0.1718,0.4618,0.29,0.2483,0.2501,0.2595,0.0041,-0.2741,0.2475,4,50.0,7.5
2025-01-13,SENSEX,73525.7,0.0013,0.2079,0.0711,0.1735,0.4558,0.2822,0.2622,0.1948,0.2501,0.004,0.3169,0.238,4,47.25,7.25
2025-01-14,SENSEX,73710.72,0.0025,0.1608,0.0653,0.1516,0.4705,0.319,0.2102,0.2079,0.1948,0.0036,-0.2869,0.2173,4,50.0,8.0
2025-01-15,SENSEX,73527.15,-0.0025,0.0829,0.043,0.0892,0.406,0.3168,0.2772,0.1608,0.2079,0.0033,-0.0509,0.1982,4,50.5,8.75
2025-01-16,SENSEX,73227.2,-0.0041,0.1563,0.0196,0.1465,0.4402,0.2938,0.266,0.0829,0.1608,0.0037,0.557,0.1875,4,51.5,7.0
2025-01-17,SENSEX,73126.22,-0.0014,0.0338,0.0525,0.0932,0.4018,0.3085,0.2895,0.1563,0.0829,0.0036,-0.129,0.1552,4,50.0,9.0
2025-01-18,SENSEX,73255.02,0.0018,0.0363,0.0483,0.077,0.4215,0.3445,0.234,0.0338,0.1563,0.0028,0.167,0.1247,4,48.0,8.0
2025-01-19,SENSEX,73476.8,0.003,0.0316,0.0618,0.042,0.3992,0.3572,0.2438,0.0363,0.0338,0.0027,-0.3402,0.1014,4,48.75,7.75
2025-01-20,SENSEX,73479.35,0.0,-0.014,0.0268,0.051,0.42,0.369,0.2112,0.0316,0.0363,0.0027,0.2782,0.0697,4,49.0,7.0
2025-01-21,SENSEX,73520.85,0.0006,-0.0242,0.0329,0.0445,0.4078,0.3632,0.229,-0.014,0.0316,0.0025,-0.1847,0.0432,4,50.25,8.25
2025-01-22,SENSEX,73621.72,0.0014,-0.0027,0.0203,0.0488,0.3898,0.341,0.2692,-0.0242,-0.014,0.0023,0.4509,0.031,4,50.5,9.0
2025-01-23,SENSEX,73545.49,-0.001,0.039,0.0445,0.0982,0.4215,0.3233,0.2552,-0.0027,-0.0242,0.0016,-0.14,0.0143,4,48.25,8.5
2025-01-24,SENSEX,73689.83,0.002,0.0354,0.0175,0.0792,0.4218,0.3425,0.236,0.039,-0.0027,0.0013,-0.1301,0.0145,4,49.0,8.25
2025-01-25,SENSEX,73674.23,-0.0002,-0.0273,0.0497,-0.016,0.3688,0.3848,0.2465,0.0354,0.039,0.0014,-0.005,0.0054,4,47.5,8.0
2025-01-26,SENSEX,74013.66,0.0046,-0.0874,0.0376,0.0,0.3618,0.3618,0.277,-0.0273,0.0354,0.0019,0.1388,-0.0116,4,48.5,8.75
2025-01-27,SENSEX,73831.18,-0.0025,-0.0358,0.0295,0.0278,0.3815,0.3538,0.2648,-0.0874,-0.0273,0.0023,-0.106,-0.0147,4,49.25,8.75
2025-01-28,SENSEX,73691.8,-0.0019,-0.064,0.0229,0.0025,0.386,0.3835,0.2308,-0.0358,-0.0874,0.0025,0.2562,-0.0204,4,46.5,8.5
2025-01-29,SENSEX,73501.32,-0.0026,-0.0526,0.033,0.0308,0.378,0.3472,0.275,-0.064,-0.0358,0.0026,-0.1176,-0.0275,4,49.5,9.5
2025-01-30,SENSEX,73661.43,0.0022,-0.0643,0.0401,0.0102,0.373,0.3628,0.2642,-0.0526,-0.064,0.0028,-0.2204,-0.0423,4,51.25,9.0
2025-01-31,SENSEX,73340.07,-0.0044,-0.0791,0.0673,-0.0107,0.3622,0.373,0.265,-0.0643,-0.0526,0.0031,0.2093,-0.0586,4,51.5,8.75
2025-02-01,SENSEX,73405.48,0.0009,-0.1749,0.0112,-0.0885,0.318,0.4065,0.2752,-0.0791,-0.0643,0.0032,-0.0462,-0.0797,4,51.5,7.75
2025-02-02,SENSEX,73647.61,0.0033,-0.0936,0.0124,-0.0128,0.3525,0.3652,0.2822,-0.1749,-0.0791,0.0028,-0.1608,-0.0806,4,51.25,8.75
2025-02-03,SENSEX,73838.95,0.0026,0.0022,0.0479,0.0275,0.3998,0.3722,0.2282,-0.0936,-0.1749,0.003,0.3434,-0.0752,4,48.0,9.0
2025-02-04,SENSEX,73637.09,-0.0027,-0.068,0.0495,-0.0115,0.3698,0.3812,0.2492,0.0022,-0.0936,0.0031,-0.1294,-0.0758,4,51.75,7.75
2025-02-05,SENSEX,73667.96,0.0004,-0.0422,0.0292,0.0215,0.3868,0.3652,0.2473,-0.068,0.0022,0.0029,0.324,-0.0743,4,49.75,9.0
2025-02-06,SENSEX,74051.25,0.0052,-0.0747,0.0534,-0.0175,0.361,0.3785,0.2602,-0.0422,-0.068,0.0034,-0.1162,-0.0758,4,44.25,7.0
2025-02-07,SENSEX,73927.36,-0.0017,-0.1193,0.0551,-0.0098,0.3448,0.3545,0.3007,-0.0747,-0.0422,0.0028,-0.022,-0.0815,4,52.5,8.25
2025-02-08,SENSEX,73755.84,-0.0023,-0.0915,0.0216,0.0102,0.3898,0.3795,0.2308,-0.1193,-0.0747,0.0031,-0.1452,-0.0696,4,48.5,8.75
2025-02-09,SENSEX,73396.72,-0.0049,-0.149,0.0658,-0.0488,0.3532,0.402,0.2448,-0.0915,-0.1193,0.0035,0.2112,-0.0775,4,52.0,8.5
2025-02-10,SENSEX,73214.01,-0.0025,-0.1152,0.0428,-0.023,0.3622,0.3852,0.2525,-0.149,-0.0915,0.0032,-0.0608,-0.0943,4,45.75,7.5
2025-02-11,SENSEX,73127.87,-0.0012,-0.1464,0.032,-0.0205,0.3418,0.3622,0.296,-0.1152,-0.149,0.0032,-0.0422,-0.1055,4,48.5,8.0
2025-02-12,SENSEX,73012.24,-0.0016,-0.102,0.0311,-0.0065,0.3578,0.3642,0.278,-0.1464,-0.1152,0.0031,0.0137,-0.114,4,48.75,7.5
2025-02-13,SENSEX,73222.13,0.0029,-0.0974,0.0357,-0.0162,0.3758,0.392,0.2325,-0.102,-0.1464,0.0023,-0.1144,-0.1173,4,49.25,8.25
2025-02-14,SENSEX,72928.03,-0.004,-0.1367,0.0629,-0.0642,0.344,0.4082,0.2478,-0.0974,-0.102,0.0025,0.1301,-0.1197,4,48.5,8.0
2025-02-15,SENSEX,72534.24,-0.0054,-0.1539,0.0057,-0.0542,0.3365,0.3908,0.2725,-0.1367,-0.0974,0.0028,0.0286,-0.1287,4,51.0,8.0
2025-02-16,SENSEX,72829.4,0.0041,-0.0928,0.0435,0.0472,0.407,0.3598,0.233,-0.1539,-0.1367,0.0035,0.0269,-0.1206,4,48.25,7.25
2025-02-17,SENSEX,73240.68,0.0056,-0.1593,0.0305,-0.0982,0.326,0.4242,0.2498,-0.0928,-0.1539,0.0042,-0.167,-0.1269,4,50.5,7.25
2025-02-18,SENSEX,73629.59,0.0053,-0.09,0.0277,0.0112,0.3875,0.3762,0.2368,-0.1593,-0.0928,0.0046,0.1623,-0.1189,4,50.0,8.0
2025-02-19,SENSEX,73615.75,-0.0002,-0.1116,0.0147,-0.0195,0.361,0.3805,0.2585,-0.09,-0.1593,0.0045,-0.1716,-0.1202,4,49.75,8.75
2025-02-20,SENSEX,73974.93,0.0049,-0.0591,0.0455,0.0652,0.4015,0.3362,0.2625,-0.1116,-0.09,0.0047,0.1324,-0.1148,4,47.25,7.75
2025-02-21,SENSEX,74206.42,0.0031,-0.1068,0.0477,0.0083,0.3752,0.367,0.2572,-0.0591,-0.1116,0.004,-0.0813,-0.1105,4,50.75,7.5
2025-02-22,SENSEX,74079.95,-0.0017,-0.1306,0.0281,-0.056,0.3532,0.4092,0.237,-0.1068,-0.0591,0.0029,0.0667,-0.1072,4,51.5,7.5
2025-02-23,SENSEX,73776.13,-0.0041,-0.2064,0.0378,-0.1128,0.3127,0.4255,0.2615,-0.1306,-0.1068,0.0039,0.1417,-0.1234,4,50.0,7.5
2025-02-24,SENSEX,73734.5,-0.0006,-0.2269,0.0655,-0.0982,0.329,0.4272,0.2438,-0.2064,-0.1306,0.0035,-0.0434,-0.1331,4,53.25,7.75
2025-02-25,SENSEX,74081.44,0.0047,-0.2172,0.0654,-0.097,0.322,0.419,0.259,-0.2269,-0.2064,0.0034,-0.0619,-0.1512,4,49.75,7.75
2025-02-26,SENSEX,74167.14,0.0012,-0.2656,0.0235,-0.1078,0.2925,0.4002,0.3073,-0.2172,-0.2269,0.0034,-0.1187,-0.1732,4,51.5,7.75
2025-02-27,SENSEX,73999.19,-0.0023,-0.2812,0.059,-0.0967,0.3215,0.4182,0.2605,-0.2656,-0.2172,0.0031,0.323,-0.205,4,54.0,7.25
2025-02-28,SENSEX,74410.59,0.0055,-0.3201,0.0522,-0.1882,0.2728,0.461,0.2662,-0.2812,-0.2656,0.0036,-0.1642,-0.2354,4,51.75,8.0
2025-03-01,SENSEX,74406.71,-0.0001,-0.2729,0.032,-0.1395,0.2928,0.4322,0.2748,-0.3201,-0.2812,0.0035,0.2691,-0.2558,4,49.75,7.75
2025-01-03,SP500,4992.18,-0.0031,0.3141,0.0386,0.2625,0.528,0.2655,0.2065,0.3699,0.3382,0.0066,-0.0665,0.3407,4,48.75,7.25
2025-01-04,SP500,4996.87,0.0009,0.3422,0.0037,0.2527,0.4902,0.2375,0.2725,0.3141,0.3699,0.0047,-0.0652,0.3411,4,48.0,7.5
2025-01-05,SP500,4991.99,-0.001,0.4194,0.0123,0.3272,0.5512,0.224,0.225,0.3422,0.3141,0.004,0.051,0.3568,4,48.75,7.25
2025-01-06,SP500,4987.52,-0.0009,0.3204,0.0449,0.2573,0.5012,0.244,0.2545,0.4194,0.3422,0.0035,-0.079,0.3507,4,46.5,7.5
2025-01-07,SP500,4991.64,0.0008,0.3214,0.0545,0.2489,0.4922,0.2432,0.2648,0.3204,0.4194,0.0032,-0.1697,0.3465,4,48.75,7.25
2025-01-08,SP500,4968.68,-0.0046,0.3579,0.0526,0.2684,0.516,0.2475,0.2368,0.3214,0.3204,0.0035,0.1268,0.3493,4,50.75,7.25
2025-01-09,SP500,4996.39,0.0056,0.3555,0.0656,0.2712,0.5397,0.2685,0.1918,0.3579,0.3214,0.0033,0.2699,0.3473,4,50.25,7.25
2025-01-10,SP500,5018.5,0.0044,0.4385,0.0393,0.3461,0.56,0.2138,0.2268,0.3555,0.3579,0.0034,-0.2567,0.365,4,48.75,7.25
2025-01-11,SP500,5004.86,-0.0027,0.4013,0.0293,0.2948,0.5285,0.2338,0.2375,0.4385,0.3555,0.0037,-0.006,0.3735,4,46.5,7.5
2025-01-12,SP500,4986.63,-0.0036,0.3966,0.0632,0.2868,0.5422,0.2555,0.2022,0.4013,0.4385,0.004,-0.1382,0.3702,4,50.0,7.5
2025-01-13,SP500,4983.34,-0.0007,0.4535,0.0456,0.3312,0.5552,0.224,0.2208,0.3966,0.4013,0.0039,0.4164,0.3892,4,47.75,7.5
2025-01-14,SP500,4998.95,0.0031,0.406,0.0531,0.3412,0.5468,0.2055,0.248,0.4535,0.3966,0.0041,0.0473,0.4013,4,48.75,7.25
2025-01-15,SP500,5026.5,0.0055,0.3685,0.0375,0.3075,0.5395,0.232,0.2285,0.406,0.4535,0.0039,0.0093,0.4028,4,50.0,7.5
2025-01-16,SP500,5001.23,-0.005,0.3935,0.0139,0.3006,0.546,0.2453,0.2092,0.3685,0.406,0.0042,-0.1065,0.4083,4,46.5,7.5
2025-01-17,SP500,5031.5,0.006,0.3096,0.0538,0.2581,0.5062,0.2482,0.2452,0.3935,0.3685,0.0045,0.1619,0.3899,4,47.75,7.75
2025-01-18,SP500,5005.08,-0.0053,0.3027,0.0641,0.2507,0.507,0.2562,0.237,0.3096,0.3935,0.0049,-0.1346,0.3758,4,49.25,7.75
2025-01-19,SP500,5032.99,0.0056,0.3567,0.0573,0.2751,0.514,0.239,0.2468,0.3027,0.3096,0.005,-0.2487,0.3701,4,48.75,7.25
2025-01-20,SP500,5023.14,-0.002,0.3108,0.0435,0.26,0.5028,0.2428,0.2545,0.3567,0.3027,0.0051,0.0616,0.3497,4,50.0,7.5
2025-01-21,SP500,4997.87,-0.005,0.218,0.0537,0.1928,0.4752,0.2825,0.242,0.3108,0.3567,0.0055,0.4303,0.3228,4,48.0,7.5
2025-01-22,SP500,5026.94,0.0058,0.2767,0.0515,0.2011,0.483,0.282,0.2345,0.218,0.3108,0.0055,-0.0634,0.3097,4,49.75,7.75
2025-01-23,SP500,5026.67,-0.0001,0.2899,0.0498,0.2763,0.5295,0.2532,0.217,0.2767,0.218,0.0051,-0.001,0.2949,4,49.0,8.0
2025-01-24,SP500,5019.3,-0.0015,0.2458,0.0586,0.206,0.499,0.293,0.208,0.2899,0.2767,0.0045,-0.0185,0.2858,4,45.25,7.25
2025-01-25,SP500,5009.82,-0.0019,0.2197,0.034,0.1763,0.4505,0.2742,0.275,0.2458,0.2899,0.0041,-0.0838,0.2739,4,51.25,7.25
2025-01-26,SP500,5038.14,0.0056,0.2714,0.0603,0.2016,0.4985,0.297,0.2042,0.2197,0.2458,0.0041,-0.0856,0.2618,4,50.0,7.5
2025-01-27,SP500,5009.47,-0.0057,0.2836,0.0384,0.2402,0.496,0.2558,0.2485,0.2714,0.2197,0.0046,0.2346,0.2579,4,50.0,7.5
2025-01-28,SP500,4999.52,-0.002,0.3859,0.0633,0.2852,0.5252,0.24,0.235,0.2836,0.2714,0.0042,-0.263,0.2819,4,50.75,7.25
2025-01-29,SP500,4997.81,-0.0003,0.3365,0.0329,0.274,0.5325,0.2585,0.209,0.3859,0.2836,0.0034,0.3791,0.2904,4,47.0,7.0
2025-01-30,SP500,4969.53,-0.0057,0.3404,0.0507,0.2748,0.5012,0.2265,0.2722,0.3365,0.3859,0.0038,-0.2105,0.2976,4,48.5,7.5
2025-01-31,SP500,4958.53,-0.0022,0.2788,0.0624,0.2447,0.5012,0.2565,0.2425,0.3404,0.3365,0.0038,0.22,0.3023,4,49.5,7.5
2025-02-01,SP500,4949.26,-0.0019,0.2759,0.0515,0.2218,0.4942,0.2725,0.2332,0.2788,0.3404,0.0038,-0.2681,0.3104,4,49.25,7.25
2025-02-02,SP500,4945.27,-0.0008,0.3377,0.0522,0.2775,0.5298,0.2522,0.218,0.2759,0.2788,0.0022,0.4389,0.3198,4,48.5,7.5
2025-02-03,SP500,4961.49,0.0033,0.3288,0.0492,0.2585,0.5155,0.257,0.2275,0.3377,0.2759,0.0027,-0.2486,0.3263,4,50.75,7.25
2025-02-04,SP500,4963.56,0.0004,0.2579,0.036,0.2026,0.4825,0.28,0.2372,0.3288,0.3377,0.0027,0.3851,0.308,4,51.25,7.25
2025-02-05,SP500,4990.81,0.0055,0.2386,0.054,0.2062,0.4888,0.2825,0.2288,0.2579,0.3288,0.0037,-0.3251,0.294,4,44.0,7.0
2025-02-06,SP500,4976.87,-0.0028,0.2383,0.0536,0.2222,0.4842,0.262,0.2538,0.2386,0.2579,0.0031,0.368,0.2794,4,47.5,7.0
2025-02-07,SP500,4954.8,-0.0044,0.17,0.0457,0.1883,0.4805,0.2922,0.2272,0.2383,0.2386,0.0035,-0.1643,0.2639,4,50.5,7.5
2025-02-08,SP500,4940.94,-0.0028,0.1802,0.0318,0.1663,0.4735,0.3072,0.219,0.17,0.2383,0.0036,0.101,0.2502,4,46.5,7.5
2025-02-09,SP500,4916.53,-0.005,0.0808,0.0586,0.1237,0.4562,0.3325,0.2115,0.1802,0.17,0.004,0.0766,0.2135,4,46.25,7.5
2025-02-10,SP500,4899.25,-0.0035,0.0794,0.0706,0.1088,0.4322,0.3235,0.2442,0.0808,0.1802,0.0036,-0.227,0.1779,4,48.75,8.5
2025-02-11,SP500,4928.69,0.006,0.119,0.0494,0.1027,0.4292,0.3265,0.2445,0.0794,0.0808,0.0047,0.3393,0.158,4,45.0,7.25
2025-02-12,SP500,4942.51,0.0028,0.0977,0.0546,0.1115,0.4455,0.334,0.2208,0.119,0.0794,0.0041,-0.1709,0.1379,4,49.75,7.5
2025-02-13,SP500,4925.24,-0.0035,0.0478,0.0586,0.0687,0.4092,0.3405,0.2502,0.0977,0.119,0.0042,0.0363,0.1107,4,48.5,8.5
2025-02-14,SP500,4937.66,0.0025,0.1124,0.0454,0.1497,0.446,0.2962,0.258,0.0478,0.0977,0.0042,-0.1893,0.1025,4,48.25,8.0
2025-02-15,SP500,4970.94,0.0067,0.1366,0.0543,0.1085,0.445,0.3365,0.2182,0.1124,0.0478,0.0048,0.4626,0.0962,4,47.75,7.5
2025-02-16,SP500,4947.18,-0.0048,0.1844,0.0537,0.1655,0.4568,0.2912,0.252,0.1366,0.1124,0.0048,-0.3084,0.111,4,48.0,7.5
2025-02-17,SP500,4967.0,0.004,0.1408,0.067,0.1405,0.4372,0.2968,0.266,0.1844,0.1366,0.0045,0.3487,0.1198,4,50.75,7.75
2025-02-18,SP500,4969.59,0.0005,0.1271,0.0416,0.1483,0.441,0.2927,0.266,0.1408,0.1844,0.0041,-0.1708,0.121,4,48.75,8.0
2025-02-19,SP500,4971.22,0.0003,0.1287,0.0476,0.1054,0.4342,0.3288,0.2372,0.1271,0.1408,0.004,0.1519,0.1254,4,46.5,7.25
2025-02-20,SP500,4990.66,0.0039,0.2082,0.0643,0.1884,0.4732,0.2848,0.2425,0.1287,0.1271,0.0037,-0.225,0.1483,4,48.5,7.5
2025-02-21,SP500,4975.52,-0.003,0.2628,0.0485,0.2278,0.4848,0.257,0.258,0.2082,0.1287,0.0041,0.1277,0.1698,4,48.75,7.25
2025-02-22,SP500,4945.24,-0.0061,0.3014,0.0387,0.2603,0.5122,0.252,0.2355,0.2628,0.2082,0.004,0.1206,0.1933,4,50.75,7.25
2025-02-23,SP500,4970.74,0.0051,0.3323,0.0552,0.2931,0.5062,0.2132,0.2802,0.3014,0.2628,0.0041,0.0065,0.2145,4,48.0,7.5
2025-02-24,SP500,5001.05,0.0061,0.2524,0.0276,0.225,0.4915,0.2665,0.242,0.3323,0.3014,0.0045,-0.0772,0.2304,4,48.5,7.5
2025-02-25,SP500,4970.37,-0.0062,0.2885,0.0476,0.2822,0.514,0.2318,0.2542,0.2524,0.3323,0.0052,-0.1738,0.2535,4,48.75,7.25
2025-02-26,SP500,4983.74,0.0027,0.2246,0.0492,0.1728,0.4772,0.3045,0.218,0.2885,0.2524,0.0053,0.0856,0.2672,4,48.75,7.25
2025-02-27,SP500,4979.02,-0.0009,0.2569,0.0646,0.2187,0.4738,0.255,0.2715,0.2246,0.2885,0.0051,0.1861,0.2741,4,48.25,7.25
2025-02-28,SP500,4958.14,-0.0042,0.2734,0.0511,0.2142,0.4738,0.2595,0.267,0.2569,0.2246,0.0052,-0.0187,0.2756,4,49.25,7.25
2025-03-01,SP500,4931.77,-0.0053,0.361,0.0364,0.2934,0.5428,0.2492,0.2082,0.2734,0.2569,0.0051,0.0233,0.2842,4,49.75,7.75
2025-01-03,TSLA,238.33,-0.0093,0.0457,0.0286,0.1235,0.43,0.3065,0.2632,-0.0675,-0.1056,0.0005,-0.2686,-0.0425,4,49.75,9.75
2025-01-04,TSLA,236.28,-0.0086,-0.031,0.0331,-0.0032,0.367,0.3703,0.2625,0.0457,-0.0675,0.0007,0.301,-0.0396,4,51.0,8.25
2025-01-05,TSLA,240.12,0.0161,-0.078,0.0581,0.0,0.3688,0.3688,0.2628,-0.031,0.0457,0.0127,-0.0269,-0.0473,4,53.25,7.5
2025-01-06,TSLA,238.34,-0.0074,-0.1211,0.0358,-0.0267,0.3578,0.3845,0.258,-0.078,-0.031,0.0112,0.5613,-0.0596,4,49.5,7.5
2025-01-07,TSLA,237.08,-0.0053,-0.0761,0.0526,0.0232,0.3812,0.358,0.2605,-0.1211,-0.078,0.01,-0.6486,-0.0619,4,48.25,7.5
2025-01-08,TSLA,239.41,0.0098,-0.1241,0.053,-0.022,0.3408,0.3628,0.2965,-0.0761,-0.1211,0.0106,1.6894,-0.0646,4,52.5,8.0
2025-01-09,TSLA,241.29,0.0078,-0.076,0.0591,0.0072,0.3715,0.3642,0.2642,-0.1241,-0.0761,0.0105,-0.3512,-0.0658,4,50.0,8.0
2025-01-10,TSLA,240.39,-0.0037,-0.0684,0.0338,-0.0088,0.3615,0.3702,0.2682,-0.076,-0.1241,0.0098,0.5763,-0.0821,4,47.75,8.75
2025-01-11,TSLA,242.02,0.0068,0.0158,0.0499,0.0745,0.4132,0.3388,0.248,-0.0684,-0.076,0.0089,-0.6777,-0.0754,4,50.25,9.5
2025-01-12,TSLA,238.62,-0.0141,0.0116,0.0298,0.0542,0.3955,0.3412,0.2632,0.0158,-0.0684,0.0091,-0.0856,-0.0626,4,49.75,8.75
2025-01-13,TSLA,238.21,-0.0017,-0.0253,0.0625,0.0255,0.3858,0.3602,0.254,0.0116,0.0158,0.0086,1.7635,-0.0489,4,50.0,9.0
2025-01-14,TSLA,236.92,-0.0054,0.0111,0.0277,0.0543,0.3842,0.33,0.2858,-0.0253,0.0116,0.0087,-0.2812,-0.0365,4,50.5,8.75
2025-01-15,TSLA,238.33,0.0059,-0.0377,0.0277,0.0148,0.3732,0.3585,0.268,0.0111,-0.0253,0.008,-0.2161,-0.0241,4,49.75,8.75
2025-01-16,TSLA,234.84,-0.0148,-0.0871,0.0372,-0.0385,0.3482,0.3868,0.265,-0.0377,0.0111,0.0086,-0.0536,-0.0257,4,50.25,9.5
2025-01-17,TSLA,231.43,-0.0146,-0.104,0.0665,0.017,0.3828,0.3658,0.252,-0.0871,-0.0377,0.0095,0.2275,-0.0308,4,51.25,9.0
2025-01-18,TSLA,229.3,-0.0092,-0.0736,0.052,0.0258,0.3958,0.37,0.2342,-0.104,-0.0871,0.0078,0.3805,-0.0436,4,44.25,7.0
2025-01-19,TSLA,228.85,-0.002,-0.0364,0.0505,-0.011,0.3775,0.3885,0.2342,-0.0736,-0.104,0.0075,-0.132,-0.0504,4,50.0,7.0
2025-01-20,TSLA,229.36,0.0022,-0.0496,0.0463,0.043,0.3782,0.3352,0.2868,-0.0364,-0.0736,0.008,0.3113,-0.0539,4,49.0,8.5
2025-01-21,TSLA,227.08,-0.01,-0.0105,0.0664,0.0558,0.4045,0.3488,0.2468,-0.0496,-0.0364,0.0082,-0.2541,-0.057,4,50.75,9.25
2025-01-22,TSLA,226.19,-0.0039,0.03,0.0493,0.0528,0.4162,0.3635,0.2202,-0.0105,-0.0496,0.0065,0.2734,-0.0473,4,50.0,9.0
2025-01-23,TSLA,224.66,-0.0068,-0.0767,0.0269,0.032,0.3795,0.3475,0.2732,0.03,-0.0105,0.0056,-0.7018,-0.0458,4,45.75,7.5
2025-01-24,TSLA,227.94,0.0145,0.0454,0.0458,0.07,0.4195,0.3495,0.2312,-0.0767,0.03,0.0085,0.3822,-0.0245,4,46.75,7.75
2025-01-25,TSLA,229.21,0.0056,0.0366,0.046,0.0357,0.398,0.3622,0.2402,0.0454,-0.0767,0.0083,0.5624,-0.0087,4,48.75,8.0
2025-01-26,TSLA,231.04,0.008,-0.0271,0.0305,0.028,0.3958,0.3678,0.2365,0.0366,0.0454,0.0087,-0.3788,-0.0074,4,49.25,9.25
2025-01-27,TSLA,231.5,0.002,-0.0328,0.0494,0.0115,0.3898,0.3782,0.232,-0.0271,0.0366,0.0087,2.0615,-0.005,4,46.75,7.75
2025-01-28,TSLA,235.7,0.018,-0.0704,0.0322,-0.0012,0.384,0.3852,0.2308,-0.0328,-0.0271,0.0091,-0.5478,-0.0136,4,50.0,9.0
2025-01-29,TSLA,235.7,0.0,-0.0104,0.0192,0.066,0.4242,0.3582,0.2175,-0.0704,-0.0328,0.0085,0.2294,-0.0193,4,46.5,7.5
2025-01-30,TSLA,234.9,-0.0034,-0.0253,0.0557,-0.0037,0.371,0.3748,0.2542,-0.0104,-0.0704,0.0077,-0.063,-0.012,4,46.5,7.5
2025-01-31,TSLA,237.68,0.0118,0.0293,0.0654,0.071,0.4172,0.3462,0.2365,-0.0253,-0.0104,0.0073,0.1097,-0.0143,4,48.75,9.0
2025-02-01,TSLA,237.82,0.0006,0.0081,0.0434,0.0368,0.3995,0.3628,0.2378,0.0293,-0.0253,0.0076,0.0748,-0.0184,4,48.75,9.0
2025-02-02,TSLA,236.68,-0.0048,0.1399,0.043,0.1542,0.442,0.2878,0.2705,0.0081,0.0293,0.0083,-0.0618,0.0055,4,48.75,7.0
2025-02-03,TSLA,238.33,0.0069,0.1533,0.0483,0.1892,0.473,0.2838,0.2432,0.1399,0.0081,0.0084,0.6178,0.0321,4,46.5,7.5
2025-02-04,TSLA,235.24,-0.013,0.1607,0.0504,0.1322,0.4468,0.3145,0.239,0.1533,0.1399,0.0081,0.0507,0.0651,4,49.25,7.75
2025-02-05,TSLA,231.93,-0.0142,0.1642,0.0481,0.1513,0.4652,0.314,0.2205,0.1607,0.1533,0.0096,-0.1731,0.09,4,50.0,8.25
2025-02-06,TSLA,232.44,0.0022,0.166,0.0419,0.1522,0.4508,0.2985,0.251,0.1642,0.1607,0.0097,-0.1218,0.1174,4,48.25,7.25
2025-02-07,TSLA,236.23,0.0162,0.2262,0.0549,0.2142,0.4772,0.263,0.2602,0.166,0.1642,0.0108,0.4631,0.1455,4,50.5,7.5
2025-02-08,TSLA,239.18,0.0124,0.2013,0.0437,0.1837,0.466,0.2822,0.252,0.2262,0.166,0.012,-0.2719,0.1731,4,50.25,7.25
2025-02-09,TSLA,242.03,0.0118,0.1751,0.0572,0.1518,0.4482,0.2965,0.2552,0.2013,0.2262,0.0123,-0.6435,0.1781,4,48.5,7.5
2025-02-10,TSLA,241.09,-0.0039,0.1772,0.0607,0.1536,0.4658,0.3123,0.2215,0.1751,0.2013,0.0124,0.9742,0.1815,4,50.25,7.0
2025-02-11,TSLA,242.21,0.0046,0.1802,0.0379,0.1687,0.4598,0.291,0.2495,0.1772,0.1751,0.0106,-0.1577,0.1843,4,48.75,7.25
2025-02-12,TSLA,238.86,-0.0139,0.1776,0.0547,0.2055,0.4882,0.2828,0.229,0.1802,0.1772,0.0105,1.1404,0.1862,4,49.0,7.0
2025-02-13,TSLA,240.71,0.0077,0.0745,0.0459,0.088,0.4372,0.3492,0.2135,0.1776,0.1802,0.0106,-0.4097,0.1732,4,49.0,9.0
2025-02-14,TSLA,238.28,-0.0101,0.126,0.0222,0.1407,0.4555,0.3147,0.23,0.0745,0.1776,0.0106,-0.3524,0.1588,4,49.0,7.0
2025-02-15,TSLA,234.67,-0.0153,0.0752,0.0474,0.1415,0.4468,0.3052,0.2478,0.126,0.0745,0.0109,1.2886,0.1408,4,48.25,7.25
2025-02-16,TSLA,238.49,0.0161,0.0655,0.0503,0.0983,0.414,0.3157,0.27,0.0752,0.126,0.0119,-0.0769,0.1252,4,47.5,7.0
2025-02-17,TSLA,238.24,-0.001,-0.0286,0.053,0.0362,0.3822,0.346,0.2718,0.0655,0.0752,0.0119,0.2044,0.0958,4,46.25,8.25
2025-02-18,TSLA,240.37,0.0089,-0.0122,0.0342,0.087,0.4185,0.3315,0.2498,-0.0286,0.0655,0.0124,-0.2926,0.0683,4,48.5,8.75
2025-02-19,TSLA,243.85,0.0144,-0.0098,0.0454,0.0747,0.4112,0.3365,0.2525,-0.0122,-0.0286,0.0121,-0.6166,0.0415,4,48.25,8.25
2025-02-20,TSLA,242.89,-0.0039,-0.0379,0.0559,-0.012,0.3572,0.3692,0.2735,-0.0098,-0.0122,0.0122,-0.102,0.0255,4,47.0,8.5
2025-02-21,TSLA,240.24,-0.011,-0.0269,0.03,-0.0025,0.3848,0.3872,0.2275,-0.0379,-0.0098,0.0123,2.6984,0.0036,4,47.5,8.0
2025-02-22,TSLA,241.85,0.0067,-0.0069,0.0381,0.06,0.4042,0.3442,0.2515,-0.0269,-0.0379,0.01,-0.1789,-0.0081,4,50.0,9.25
2025-02-23,TSLA,243.5,0.0068,0.0074,0.0294,0.0595,0.4188,0.3592,0.222,-0.0069,-0.0269,0.0087,-0.5868,-0.0164,4,48.25,8.25
2025-02-24,TSLA,241.05,-0.0101,-0.0328,0.0319,0.0182,0.3715,0.3532,0.275,0.0074,-0.0069,0.01,0.1338,-0.017,4,50.0,9.25
2025-02-25,TSLA,245.35,0.0177,0.0206,0.0569,0.067,0.405,0.338,0.257,-0.0328,0.0074,0.0115,0.4449,-0.0123,4,49.0,8.25
2025-02-26,TSLA,246.96,0.0065,0.0361,0.0707,0.0865,0.4225,0.336,0.2412,0.0206,-0.0328,0.0105,0.0736,-0.0058,4,46.25,8.0
2025-02-27,TSLA,248.6,0.0066,0.0902,0.0397,0.115,0.4225,0.3075,0.27,0.0361,0.0206,0.0103,-0.1911,0.0125,4,47.0,7.5
2025-02-28,TSLA,247.15,-0.0058,0.0539,0.0663,0.0675,0.4128,0.3452,0.242,0.0902,0.0361,0.0092,0.0739,0.0241,4,46.75,7.75
2025-03-01,TSLA,246.88,-0.0011,0.0564,0.0384,0.0655,0.4325,0.367,0.201,0.0539,0.0902,0.0093,0.3892,0.0331,4,51.25,8.0
