date,symbol,open,high,low,close,volume,sentiment_overlay,mmi,sentiment_vol,textual_polarity,positive_mean,negative_mean,neutral_mean,post_count,avg_text_length,avg_word_count,sentiment_lag1,sentiment_lag2,price_return,price_vol_7d,volume_change,mmi_7d_ma
2025-01-01,AAPL,174.81,176.26,173.98,175.25,34152123,0.3347,0.3347,0.0765,0.2739,0.5288,0.2547,0.217,4,50.0,7.5,,,,,,0.3347
2025-01-02,AAPL,175.95,176.99,174.9,175.3,16089128,0.2878,0.2878,0.0303,0.2252,0.481,0.2558,0.2635,4,49.5,7.5,0.3347,,0.0003,,-0.5289,0.3113
2025-01-03,AAPL,176.25,176.87,175.33,175.95,27829192,0.2794,0.2794,0.043,0.2372,0.4935,0.2562,0.2502,4,47.75,7.75,0.2878,0.3347,0.0037,0.0024,0.7297,0.3006
2025-01-04,AAPL,177.53,178.01,176.63,177.2,36544988,0.2383,0.2383,0.0577,0.2106,0.4892,0.2788,0.2315,4,49.5,7.5,0.2794,0.2878,0.0071,0.0034,0.3132,0.2851
2025-01-05,AAPL,178.43,179.12,178.12,178.28,47305924,0.3154,0.3154,0.0626,0.2558,0.499,0.2432,0.2578,4,49.0,8.0,0.2383,0.2794,0.0061,0.003,0.2945,0.2911
2025-01-06,AAPL,177.6,177.95,177.38,177.93,29483301,0.3096,0.3096,0.0749,0.3038,0.5372,0.2335,0.229,4,48.25,7.25,0.3154,0.2383,-0.002,0.0038,-0.3768,0.2942
2025-01-07,AAPL,179.31,180.35,178.79,179.35,29617963,0.2844,0.2844,0.0529,0.2457,0.5028,0.257,0.2405,4,48.5,7.5,0.3096,0.3154,0.0079,0.004,0.0046,0.2928
2025-01-08,AAPL,177.63,178.32,176.67,178.06,46432968,0.3203,0.3203,0.0515,0.2523,0.4995,0.2472,0.253,4,49.5,7.0,0.2844,0.3096,-0.0072,0.0055,0.5677,0.2907
2025-01-09,AAPL,179.68,180.44,178.84,179.71,15240584,0.3435,0.3435,0.0341,0.2641,0.5272,0.2632,0.2092,4,50.25,7.25,0.3203,0.2844,0.0092,0.006,-0.6718,0.2987
2025-01-10,AAPL,180.81,181.35,179.97,180.14,17316917,0.37,0.37,0.0525,0.2668,0.5118,0.245,0.243,4,48.5,7.5,0.3435,0.3203,0.0024,0.006,0.1362,0.3116
2025-01-11,AAPL,179.83,180.5,179.65,179.73,30147670,0.3583,0.3583,0.0551,0.2512,0.502,0.2508,0.2475,4,50.5,7.5,0.37,0.3435,-0.0023,0.0061,0.7409,0.3288
2025-01-12,AAPL,178.55,179.34,177.95,178.66,39531820,0.3086,0.3086,0.0418,0.2516,0.4908,0.2392,0.2698,4,46.5,7.5,0.3583,0.37,-0.006,0.0065,0.3113,0.3278
2025-01-13,AAPL,177.76,178.6,177.24,178.14,35924085,0.3213,0.3213,0.0319,0.2316,0.491,0.2595,0.2492,4,49.75,7.75,0.3086,0.3583,-0.0029,0.0065,-0.0913,0.3295
2025-01-14,AAPL,176.28,177.16,175.95,176.5,13431771,0.322,0.322,0.0468,0.2504,0.4975,0.247,0.2558,4,50.0,7.5,0.3213,0.3086,-0.0092,0.0063,-0.6261,0.3349
2025-01-15,AAPL,174.54,175.85,174.41,175.13,24268926,0.4172,0.4172,0.0502,0.2987,0.5345,0.2358,0.23,4,50.0,7.5,0.322,0.3213,-0.0078,0.0064,0.8068,0.3487
2025-01-16,AAPL,175.05,175.57,174.8,175.52,45589959,0.3527,0.3527,0.0625,0.2871,0.537,0.25,0.2128,4,48.75,7.25,0.4172,0.322,0.0022,0.0046,0.8785,0.35
2025-01-17,AAPL,174.29,175.29,173.23,173.87,20466854,0.2942,0.2942,0.042,0.2195,0.5015,0.282,0.2165,4,49.5,7.0,0.3527,0.4172,-0.0094,0.0043,-0.5511,0.3392
2025-01-18,AAPL,173.08,173.33,171.52,172.43,26636546,0.3037,0.3037,0.0559,0.2625,0.52,0.2575,0.2225,4,50.75,7.25,0.2942,0.3527,-0.0083,0.0042,0.3014,0.3314
2025-01-19,AAPL,172.68,173.68,172.48,173.26,30684717,0.2913,0.2913,0.0642,0.2528,0.5095,0.2568,0.2338,4,49.5,7.5,0.3037,0.2942,0.0048,0.0059,0.152,0.3289
2025-01-20,AAPL,174.31,174.81,173.58,174.74,32875900,0.3424,0.3424,0.0558,0.3025,0.5408,0.2382,0.221,4,47.5,7.0,0.2913,0.3037,0.0085,0.0077,0.0714,0.3319
2025-01-21,AAPL,176.76,177.32,175.3,176.23,26400951,0.4028,0.4028,0.0193,0.3037,0.5422,0.2385,0.2192,4,50.0,7.5,0.3424,0.2913,0.0085,0.0081,-0.197,0.3435
2025-01-22,AAPL,176.85,177.14,175.9,176.24,47804897,0.403,0.403,0.0534,0.3149,0.5442,0.2292,0.2268,4,48.75,7.25,0.4028,0.3424,0.0001,0.0074,0.8107,0.3414
2025-01-23,AAPL,175.59,176.3,175.37,175.54,29457695,0.3812,0.3812,0.05,0.2506,0.5,0.2495,0.2502,4,50.0,7.5,0.403,0.4028,-0.004,0.0075,-0.3838,0.3455
2025-01-24,AAPL,175.93,177.11,175.22,176.45,15051338,0.3224,0.3224,0.0417,0.2498,0.513,0.2632,0.2238,4,47.5,7.0,0.3812,0.403,0.0052,0.0064,-0.4891,0.3495
2025-01-25,AAPL,178.61,179.44,177.81,178.09,47343725,0.2976,0.2976,0.0498,0.2263,0.5,0.2738,0.226,4,49.0,7.0,0.3224,0.3812,0.0093,0.0049,2.1455,0.3487
2025-01-26,AAPL,178.58,179.18,178.1,178.94,34712527,0.2692,0.2692,0.0399,0.2255,0.4928,0.2672,0.24,4,50.0,7.5,0.2976,0.3224,0.0048,0.0049,-0.2668,0.3455
2025-01-27,AAPL,180.55,181.59,179.02,179.98,20813943,0.2823,0.2823,0.0371,0.2527,0.5035,0.2508,0.2458,4,46.5,7.5,0.2692,0.2976,0.0058,0.0047,-0.4004,0.3369
2025-01-28,AAPL,181.18,181.71,180.84,181.21,33238743,0.39,0.39,0.0234,0.2946,0.517,0.2225,0.2602,4,50.25,7.25,0.2823,0.2692,0.0068,0.0045,0.5969,0.3351
2025-01-29,AAPL,182.25,182.94,181.36,182.12,38444872,0.3545,0.3545,0.0262,0.2532,0.5102,0.257,0.233,4,47.75,7.75,0.39,0.2823,0.005,0.0041,0.1566,0.3282
2025-01-30,AAPL,180.04,181.06,179.76,180.56,19670580,0.3673,0.3673,0.0464,0.2982,0.5402,0.242,0.2178,4,48.25,7.25,0.3545,0.39,-0.0086,0.0058,-0.4883,0.3262
2025-01-31,AAPL,180.01,180.98,179.2,180.57,13872749,0.3806,0.3806,0.0241,0.2988,0.557,0.2582,0.1848,4,46.5,7.5,0.3673,0.3545,0.0001,0.0059,-0.2947,0.3345
2025-02-01,AAPL,179.85,181.39,179.62,180.56,30057658,0.4173,0.4174,0.0369,0.3588,0.5805,0.2218,0.1978,4,48.5,7.5,0.3806,0.3673,-0.0001,0.0054,1.1667,0.3516
2025-02-02,AAPL,179.8,180.64,178.84,179.67,19124015,0.4258,0.4258,0.0316,0.3438,0.5595,0.2158,0.2248,4,49.75,7.75,0.4174,0.3806,-0.0049,0.0058,-0.3638,0.374
2025-02-03,AAPL,181.13,181.67,180.58,181.26,34202850,0.3136,0.3136,0.005,0.2221,0.5032,0.2812,0.2152,4,49.25,7.25,0.4258,0.4174,0.0088,0.0063,0.7885,0.3785
2025-02-04,AAPL,181.57,182.12,181.36,181.55,42509316,0.3571,0.3571,0.0604,0.3133,0.556,0.2428,0.2013,4,48.75,7.25,0.3136,0.4258,0.0016,0.0058,0.2429,0.3738
2025-02-05,AAPL,182.31,183.15,180.75,181.77,47892275,0.3317,0.3317,0.0522,0.2386,0.5025,0.264,0.2332,4,49.25,7.75,0.3571,0.3136,0.0012,0.0055,0.1266,0.3705
2025-02-06,AAPL,181.9,182.46,181.25,181.37,47359496,0.3673,0.3672,0.0746,0.2594,0.5162,0.2568,0.2272,4,50.0,7.5,0.3317,0.3571,-0.0022,0.0042,-0.0111,0.3705
2025-02-07,AAPL,180.65,181.09,179.88,180.29,41786515,0.3891,0.389,0.0376,0.3114,0.532,0.2208,0.247,4,50.25,7.25,0.3672,0.3317,-0.006,0.0049,-0.1177,0.3717
2025-02-08,AAPL,180.67,180.96,179.65,180.2,15898156,0.3696,0.3696,0.042,0.2787,0.5305,0.2518,0.218,4,49.75,7.75,0.389,0.3672,-0.0005,0.0049,-0.6195,0.3649
2025-02-09,AAPL,180.57,181.44,179.55,180.67,46490182,0.3953,0.3953,0.0653,0.3234,0.555,0.2318,0.213,4,48.5,7.5,0.3696,0.389,0.0026,0.0046,1.9242,0.3605
2025-02-10,AAPL,182.72,182.86,182.02,182.35,45803406,0.4099,0.4099,0.0466,0.3007,0.5558,0.255,0.1892,4,50.25,7.25,0.3953,0.3696,0.0093,0.0047,-0.0148,0.3743
2025-02-11,AAPL,183.61,184.26,182.56,184.14,26934321,0.43,0.43,0.0479,0.3556,0.566,0.2102,0.224,4,47.75,7.75,0.4099,0.3953,0.0098,0.0058,-0.412,0.3847
2025-02-12,AAPL,182.49,182.54,181.81,182.41,23542161,0.3534,0.3534,0.0374,0.2744,0.5308,0.2562,0.2135,4,49.5,7.5,0.43,0.4099,-0.0094,0.0073,-0.1259,0.3878
2025-02-13,AAPL,182.22,183.34,181.5,182.39,27361954,0.3507,0.3507,0.0451,0.2552,0.5105,0.2552,0.2342,4,48.75,7.25,0.3534,0.43,-0.0001,0.0072,0.1623,0.3854
2025-02-14,AAPL,183.03,183.76,182.44,183.63,21380478,0.3408,0.3408,0.0346,0.2592,0.5335,0.2742,0.1922,4,48.0,7.5,0.3507,0.3534,0.0068,0.0068,-0.2186,0.3785
2025-02-15,AAPL,181.79,182.98,181.61,182.04,42496546,0.2841,0.2841,0.0279,0.2206,0.4812,0.2608,0.2578,4,48.75,7.25,0.3408,0.3507,-0.0087,0.008,0.9876,0.3663
2025-02-16,AAPL,182.79,183.69,181.8,183.4,22826510,0.2591,0.2591,0.0357,0.2273,0.4695,0.2422,0.288,4,47.25,7.25,0.2841,0.3408,0.0074,0.0083,-0.4629,0.3469
2025-02-17,AAPL,184.33,184.38,182.88,183.67,27779199,0.3503,0.3503,0.0499,0.2639,0.504,0.2402,0.2552,4,49.5,7.5,0.2591,0.2841,0.0015,0.0077,0.217,0.3383
2025-02-18,AAPL,183.3,184.04,182.85,182.85,42235646,0.3183,0.3183,0.0623,0.2355,0.5032,0.2678,0.229,4,49.75,7.75,0.3503,0.2591,-0.0045,0.0068,0.5204,0.3224
2025-02-19,AAPL,181.83,182.25,180.85,181.38,24199804,0.2867,0.2866,0.0379,0.2572,0.5072,0.25,0.243,4,49.5,7.5,0.3183,0.3503,-0.0081,0.0066,-0.427,0.3128
2025-02-20,AAPL,180.13,181.5,180.1,180.8,27207036,0.249,0.249,0.0134,0.2154,0.4955,0.2802,0.2235,4,49.25,7.75,0.2866,0.3183,-0.0032,0.0066,0.1243,0.2983
2025-02-21,AAPL,182.52,182.62,181.4,182.23,34240553,0.1883,0.1884,0.0308,0.1735,0.457,0.2835,0.2595,4,49.75,7.75,0.249,0.2866,0.0079,0.0069,0.2585,0.2765
2025-02-22,AAPL,183.21,183.36,181.88,182.56,18312953,0.2016,0.2016,0.0281,0.183,0.4815,0.2985,0.2198,4,49.0,7.0,0.1884,0.249,0.0018,0.006,-0.4652,0.2648
2025-02-23,AAPL,182.58,182.96,181.54,182.65,43698564,0.1192,0.1192,0.0166,0.1358,0.433,0.2972,0.2695,4,49.25,7.75,0.2016,0.1884,0.0005,0.0052,1.3862,0.2448
2025-02-24,AAPL,184.16,184.28,183.0,183.54,16428533,0.1106,0.1106,0.0371,0.1182,0.4398,0.3215,0.2388,4,47.75,7.5,0.1192,0.2016,0.0049,0.0055,-0.624,0.2105
2025-02-25,AAPL,185.88,186.42,184.97,185.37,35575456,0.1966,0.1966,0.0593,0.2052,0.4882,0.283,0.2288,4,48.0,7.5,0.1106,0.1192,0.0099,0.0063,1.1655,0.1931
2025-02-26,AAPL,184.17,184.47,183.09,184.07,11623428,0.1477,0.1478,0.049,0.121,0.438,0.317,0.2448,4,43.75,7.0,0.1966,0.1106,-0.007,0.006,-0.6733,0.1733
2025-02-27,AAPL,185.18,186.0,184.3,185.67,11248542,0.1779,0.1779,0.0137,0.1882,0.4658,0.2775,0.257,4,47.75,7.75,0.1478,0.1966,0.0087,0.0059,-0.0323,0.1632
2025-02-28,AAPL,187.44,187.82,187.03,187.48,12656214,0.0762,0.0762,0.065,0.1002,0.4322,0.332,0.236,4,50.75,7.25,0.1779,0.1478,0.0097,0.0062,0.1251,0.1471
2025-03-01,AAPL,190.09,190.83,188.89,189.39,47956648,0.1484,0.1484,0.0366,0.1572,0.4472,0.29,0.2628,4,48.5,7.25,0.0762,0.1779,0.0101,0.0065,2.7892,0.1395
2025-01-01,AMZN,182.33,182.89,182.23,182.67,47615881,0.2306,0.2306,0.0596,0.2145,0.487,0.2725,0.2405,4,49.25,7.25,,,,,,0.2306
2025-01-02,AMZN,181.22,182.83,180.29,181.79,16753344,0.2465,0.2465,0.0546,0.2168,0.4775,0.2608,0.2615,4,49.0,7.0,0.2306,,-0.0048,,-0.6482,0.2386
2025-01-03,AMZN,182.73,183.88,182.32,183.16,20500344,0.2276,0.2276,0.0241,0.2106,0.4958,0.2852,0.2188,4,51.25,7.25,0.2465,0.2306,0.0075,0.0087,0.2237,0.2349
2025-01-04,AMZN,181.7,182.42,181.27,181.72,29014362,0.2781,0.278,0.0341,0.2252,0.5012,0.276,0.223,4,49.75,7.75,0.2276,0.2465,-0.0079,0.0082,0.4153,0.2457
2025-01-05,AMZN,181.03,182.33,180.83,181.25,25256352,0.231,0.231,0.0377,0.1958,0.47,0.2742,0.2558,4,48.25,7.25,0.278,0.2276,-0.0026,0.0067,-0.1295,0.2427
2025-01-06,AMZN,179.7,180.77,178.59,179.9,21154877,0.2806,0.2806,0.0432,0.2238,0.4812,0.2575,0.261,4,46.75,7.25,0.231,0.278,-0.0075,0.0063,-0.1624,0.249
2025-01-07,AMZN,182.46,183.18,181.69,181.76,45750967,0.2279,0.228,0.0453,0.1918,0.4702,0.2785,0.2513,4,46.5,7.5,0.2806,0.231,0.0103,0.0078,1.1627,0.246
2025-01-08,AMZN,181.69,182.96,181.51,181.96,11543662,0.2711,0.2711,0.0411,0.1985,0.4845,0.286,0.2295,4,49.0,7.0,0.228,0.2806,0.0011,0.0072,-0.7477,0.2518
2025-01-09,AMZN,183.86,184.02,182.99,183.56,33932243,0.242,0.242,0.0624,0.208,0.467,0.259,0.274,4,49.25,7.25,0.2711,0.228,0.0088,0.0077,1.9395,0.2512
2025-01-10,AMZN,182.11,182.15,181.25,181.75,45804001,0.262,0.262,0.0563,0.2006,0.4842,0.2838,0.2318,4,48.5,7.5,0.242,0.2711,-0.0099,0.0081,0.3499,0.2561
2025-01-11,AMZN,183.54,183.96,182.44,183.76,30649912,0.2507,0.2507,0.0481,0.218,0.5075,0.2895,0.203,4,49.25,7.25,0.262,0.242,0.011,0.0086,-0.3308,0.2522
2025-01-12,AMZN,181.76,183.35,180.88,182.44,38367228,0.186,0.186,0.0405,0.175,0.472,0.297,0.2308,4,51.5,7.0,0.2507,0.262,-0.0072,0.0092,0.2518,0.2458
2025-01-13,AMZN,181.78,182.6,181.06,181.32,27546867,0.2554,0.2554,0.009,0.2272,0.499,0.2718,0.2292,4,50.0,7.5,0.186,0.2507,-0.0062,0.009,-0.282,0.2422
2025-01-14,AMZN,182.06,183.07,181.11,182.52,43544871,0.2151,0.215,0.055,0.2023,0.4925,0.2902,0.217,4,49.75,7.25,0.2554,0.186,0.0066,0.0084,0.5808,0.2403
2025-01-15,AMZN,183.66,183.99,182.84,183.22,14672164,0.2128,0.2128,0.0576,0.2035,0.4858,0.2822,0.232,4,48.5,7.5,0.215,0.2554,0.0038,0.0085,-0.6631,0.232
2025-01-16,AMZN,182.86,183.41,181.3,182.39,14179212,0.2922,0.2922,0.0248,0.2268,0.4895,0.2628,0.2478,4,50.0,7.5,0.2128,0.215,-0.0045,0.008,-0.0336,0.2392
2025-01-17,AMZN,183.05,183.47,181.93,183.35,32738888,0.2436,0.2436,0.0755,0.2342,0.4932,0.259,0.248,4,51.0,7.0,0.2922,0.2128,0.0052,0.0071,1.3089,0.2365
2025-01-18,AMZN,182.47,183.19,181.63,182.88,11588448,0.2744,0.2744,0.0654,0.2284,0.4848,0.2565,0.2582,4,50.0,7.5,0.2436,0.2922,-0.0026,0.0058,-0.646,0.2399
2025-01-19,AMZN,184.41,185.18,184.06,184.33,37082948,0.2582,0.2582,0.0349,0.2559,0.5095,0.2535,0.2372,4,49.75,7.75,0.2744,0.2436,0.0079,0.0057,2.2,0.2502
2025-01-20,AMZN,185.56,186.32,184.96,185.52,45763654,0.2486,0.2486,0.0473,0.2263,0.4952,0.269,0.2355,4,48.75,7.25,0.2582,0.2744,0.0064,0.0049,0.2341,0.2493
2025-01-21,AMZN,185.03,186.57,184.53,185.59,19203379,0.2436,0.2436,0.0614,0.2408,0.4845,0.2438,0.2715,4,48.5,7.5,0.2486,0.2582,0.0004,0.0047,-0.5804,0.2533
2025-01-22,AMZN,184.76,185.57,184.12,185.29,42243869,0.3171,0.3171,0.0521,0.2595,0.5163,0.2568,0.227,4,47.5,7.0,0.2436,0.2486,-0.0016,0.0049,1.1998,0.2682
2025-01-23,AMZN,184.54,185.07,184.41,184.77,41775369,0.2745,0.2745,0.053,0.245,0.513,0.268,0.2192,4,48.5,7.5,0.3171,0.2436,-0.0028,0.0046,-0.0111,0.2657
2025-01-24,AMZN,183.59,184.62,182.8,183.22,48921813,0.295,0.295,0.0453,0.2144,0.4748,0.2602,0.2652,4,46.5,7.5,0.2745,0.3171,-0.0084,0.0057,0.1711,0.2731
2025-01-25,AMZN,185.61,185.66,184.37,185.23,28039460,0.255,0.255,0.058,0.232,0.5085,0.2765,0.215,4,49.5,7.5,0.295,0.2745,0.0109,0.0068,-0.4269,0.2703
2025-01-26,AMZN,183.34,183.72,182.29,183.68,15546101,0.2186,0.2186,0.0394,0.1866,0.473,0.2865,0.2402,4,50.0,7.5,0.255,0.295,-0.0084,0.0072,-0.4456,0.2646
2025-01-27,AMZN,182.77,183.93,181.42,182.25,42054861,0.1556,0.1556,0.0451,0.1277,0.434,0.3062,0.26,4,47.75,7.75,0.2186,0.255,-0.0078,0.0069,1.7052,0.2513
2025-01-28,AMZN,182.18,182.46,181.34,181.92,32073149,0.2165,0.2165,0.0668,0.1965,0.4768,0.2802,0.243,4,49.25,7.75,0.1556,0.2186,-0.0018,0.0068,-0.2373,0.2475
2025-01-29,AMZN,182.92,184.06,182.33,182.53,48626126,0.2115,0.2115,0.0633,0.1628,0.4505,0.2878,0.2612,4,46.0,7.0,0.2165,0.1556,0.0033,0.0072,0.5161,0.2324
2025-01-30,AMZN,180.69,181.09,180.12,180.66,32826583,0.3049,0.3049,0.0478,0.2345,0.4908,0.2562,0.253,4,48.5,7.5,0.2115,0.2165,-0.0103,0.0079,-0.3249,0.2367
2025-01-31,AMZN,180.62,181.49,179.66,180.48,43330851,0.3374,0.3374,0.0403,0.2644,0.519,0.2545,0.227,4,49.0,8.0,0.3049,0.2115,-0.001,0.0075,0.32,0.2428
2025-02-01,AMZN,179.4,180.26,178.96,179.57,29442301,0.2613,0.2613,0.0312,0.2555,0.5212,0.2658,0.213,4,50.25,7.25,0.3374,0.3049,-0.0051,0.0049,-0.3205,0.2437
2025-02-02,AMZN,179.47,179.72,178.79,178.91,37322783,0.2782,0.2782,0.0489,0.2045,0.4748,0.2702,0.255,4,49.75,7.25,0.2613,0.3374,-0.0037,0.0045,0.2677,0.2522
2025-02-03,AMZN,178.91,180.49,178.85,179.62,45369806,0.2507,0.2507,0.0302,0.1756,0.4635,0.288,0.2482,4,48.0,7.5,0.2782,0.2613,0.004,0.0049,0.2156,0.2658
2025-02-04,AMZN,181.22,181.92,179.96,181.13,31292174,0.4096,0.4096,0.0311,0.3018,0.544,0.2422,0.2138,4,47.25,7.25,0.2507,0.2782,0.0084,0.0063,-0.3103,0.2934
2025-02-05,AMZN,183.49,183.72,182.29,182.82,33390272,0.3755,0.3755,0.077,0.3083,0.5598,0.2515,0.1888,4,50.75,7.25,0.4096,0.2507,0.0093,0.0073,0.067,0.3168
2025-02-06,AMZN,183.38,184.64,183.32,184.17,42046860,0.372,0.372,0.0572,0.2695,0.5118,0.2422,0.246,4,48.75,7.25,0.3755,0.4096,0.0074,0.006,0.2593,0.3264
2025-02-07,AMZN,185.16,185.76,183.77,184.67,40816471,0.3558,0.3558,0.0275,0.2788,0.5018,0.223,0.275,4,48.0,7.5,0.372,0.3755,0.0027,0.0057,-0.0293,0.329
2025-02-08,AMZN,185.07,186.26,183.94,184.75,26329500,0.361,0.361,0.0224,0.296,0.5422,0.2462,0.2115,4,50.25,7.25,0.3558,0.372,0.0004,0.0047,-0.3549,0.3433
2025-02-09,AMZN,183.57,184.23,183.36,183.94,31193355,0.2485,0.2485,0.0374,0.1898,0.4642,0.2745,0.261,4,49.5,7.5,0.361,0.3558,-0.0044,0.0049,0.1847,0.339
2025-02-10,AMZN,182.96,183.31,182.17,183.17,21331861,0.3496,0.3496,0.0452,0.288,0.5415,0.2535,0.205,4,50.5,7.5,0.2485,0.361,-0.0042,0.0058,-0.3161,0.3531
2025-02-11,AMZN,181.84,182.96,180.2,181.24,19344361,0.3005,0.3006,0.0493,0.2496,0.505,0.2555,0.2392,4,47.25,7.25,0.3496,0.2485,-0.0106,0.007,-0.0932,0.3376
2025-02-12,AMZN,182.26,183.6,181.81,182.43,37258424,0.3233,0.3233,0.0228,0.236,0.5115,0.2755,0.213,4,48.5,7.5,0.3006,0.3496,0.0065,0.0065,0.9261,0.3301
2025-02-13,AMZN,180.93,182.08,180.12,180.76,21515180,0.2632,0.2632,0.0584,0.2558,0.4858,0.23,0.2842,4,46.5,7.5,0.3233,0.3006,-0.0092,0.0062,-0.4225,0.3146
2025-02-14,AMZN,179.01,180.09,178.57,179.33,48037654,0.3311,0.331,0.0456,0.2504,0.5055,0.255,0.2398,4,48.5,7.5,0.2632,0.3233,-0.0079,0.006,1.2327,0.311
2025-02-15,AMZN,177.83,178.91,177.14,177.52,20090113,0.324,0.324,0.052,0.2655,0.536,0.2705,0.1935,4,50.0,7.5,0.331,0.2632,-0.0101,0.006,-0.5818,0.3057
2025-02-16,AMZN,177.22,177.85,176.11,177.73,41802915,0.3528,0.3528,0.0248,0.2722,0.534,0.2618,0.2042,4,49.75,7.75,0.324,0.331,0.0012,0.0065,1.0808,0.3206
2025-02-17,AMZN,176.23,177.01,175.76,176.56,41331603,0.4252,0.4252,0.0368,0.3105,0.557,0.2465,0.1965,4,48.0,7.5,0.3528,0.324,-0.0066,0.0066,-0.0113,0.3314
2025-02-18,AMZN,179.03,179.53,177.87,178.44,25052472,0.4747,0.4746,0.0553,0.3461,0.5668,0.2208,0.2122,4,52.25,8.25,0.4252,0.3528,0.0106,0.0083,-0.3939,0.3563
2025-02-19,AMZN,178.68,179.49,177.47,177.98,17791752,0.4078,0.4078,0.0312,0.3448,0.5768,0.232,0.1912,4,46.5,7.5,0.4746,0.4252,-0.0026,0.0074,-0.2898,0.3684
2025-02-20,AMZN,178.82,179.88,178.47,179.3,35523709,0.3663,0.3663,0.0497,0.3092,0.5408,0.2318,0.227,4,48.0,7.0,0.4078,0.4746,0.0074,0.0079,0.9966,0.3831
2025-02-21,AMZN,178.95,179.81,178.49,178.54,13790738,0.3641,0.3641,0.0414,0.3073,0.538,0.2308,0.2312,4,50.75,7.25,0.3663,0.4078,-0.0042,0.0075,-0.6118,0.3878
2025-02-22,AMZN,177.22,177.3,175.52,176.68,21552398,0.4113,0.4113,0.0489,0.2845,0.524,0.2395,0.2365,4,46.0,7.0,0.3641,0.3663,-0.0105,0.0076,0.5628,0.4003
2025-02-23,AMZN,175.79,176.87,174.79,175.39,24592723,0.3985,0.3985,0.0312,0.3039,0.5357,0.232,0.2318,4,47.75,7.75,0.4113,0.3641,-0.0073,0.0079,0.1411,0.4068
2025-02-24,AMZN,177.07,177.46,176.67,176.91,25111872,0.3565,0.3565,0.0136,0.2653,0.5142,0.249,0.2365,4,51.25,7.25,0.3985,0.4113,0.0086,0.0085,0.0211,0.397
2025-02-25,AMZN,175.99,176.61,175.32,176.27,12635686,0.4552,0.4552,0.0447,0.3265,0.5345,0.208,0.2575,4,46.25,7.5,0.3565,0.3985,-0.0036,0.0072,-0.4968,0.3942
2025-02-26,AMZN,175.29,176.37,174.71,175.15,36562964,0.4088,0.4088,0.0522,0.3364,0.5648,0.2285,0.2065,4,46.75,7.25,0.4552,0.3565,-0.0064,0.0074,1.8936,0.3944
2025-02-27,AMZN,174.85,174.92,173.93,174.28,16306441,0.4713,0.4713,0.0499,0.3472,0.5562,0.209,0.235,4,52.0,8.5,0.4088,0.4552,-0.005,0.006,-0.554,0.4094
2025-02-28,AMZN,172.71,173.13,172.07,173.11,25178455,0.4045,0.4045,0.056,0.3481,0.5605,0.2125,0.2268,4,48.75,7.25,0.4713,0.4088,-0.0067,0.0061,0.5441,0.4152
2025-03-01,AMZN,173.11,173.57,172.77,173.21,39336073,0.3199,0.3199,0.0384,0.2772,0.5232,0.246,0.2308,4,48.75,7.25,0.4045,0.4713,0.0006,0.0057,0.5623,0.4021
2025-01-01,MSFT,418.85,419.07,415.89,417.92,23995818,0.3671,0.3671,0.0571,0.2773,0.5395,0.2622,0.198,4,47.75,7.75,,,,,,0.3671
2025-01-02,MSFT,418.88,419.16,417.13,418.46,31005634,0.3717,0.3717,0.0368,0.3057,0.5382,0.2325,0.2292,4,50.25,7.25,0.3671,,0.0013,,0.2921,0.3694
2025-01-03,MSFT,416.51,418.3,415.04,416.37,13876693,0.4517,0.4517,0.0335,0.3162,0.5468,0.2305,0.2228,4,47.75,7.75,0.3717,0.3671,-0.005,0.0045,-0.5524,0.3968
2025-01-04,MSFT,416.27,418.66,414.85,416.88,16106326,0.4117,0.4117,0.0385,0.2932,0.5152,0.222,0.263,4,48.0,7.5,0.4517,0.3717,0.0012,0.0036,0.1607,0.4005
2025-01-05,MSFT,418.08,418.67,417.15,418.61,23318009,0.3522,0.3522,0.0418,0.2665,0.506,0.2395,0.2545,4,48.75,7.25,0.4117,0.4517,0.0041,0.0039,0.4478,0.3909
2025-01-06,MSFT,420.9,422.24,417.97,420.04,41912094,0.3879,0.3879,0.0431,0.276,0.534,0.258,0.208,4,46.0,7.0,0.3522,0.4117,0.0034,0.0036,0.7974,0.3904
2025-01-07,MSFT,421.92,423.4,420.5,423.38,26513575,0.3106,0.3106,0.0432,0.2712,0.5305,0.2592,0.2102,4,48.25,7.25,0.3879,0.3522,0.0079,0.0043,-0.3674,0.379
2025-01-08,MSFT,427.03,429.29,424.86,426.27,41741496,0.304,0.304,0.0455,0.2704,0.498,0.2278,0.2738,4,48.0,7.5,0.3106,0.3879,0.0068,0.0043,0.5743,0.37
2025-01-09,MSFT,424.2,425.93,423.19,423.24,42675119,0.2965,0.2966,0.0532,0.2372,0.4772,0.24,0.2828,4,48.75,7.25,0.304,0.3106,-0.0071,0.0057,0.0224,0.3592
2025-01-10,MSFT,419.22,420.52,417.83,419.69,37841256,0.3584,0.3584,0.0228,0.2803,0.5288,0.2485,0.2225,4,50.5,7.5,0.2966,0.304,-0.0084,0.0065,-0.1133,0.3459
2025-01-11,MSFT,419.83,419.99,417.32,418.65,30826214,0.3104,0.3104,0.0146,0.2402,0.5,0.2598,0.2402,4,50.5,7.5,0.3584,0.2966,-0.0025,0.0066,-0.1854,0.3314
2025-01-12,MSFT,420.6,421.59,419.7,420.63,11057876,0.3037,0.3037,0.0353,0.2182,0.495,0.2768,0.2285,4,46.75,7.25,0.3104,0.3584,0.0047,0.0067,-0.6413,0.3245
2025-01-13,MSFT,418.1,421.52,417.35,419.54,33511816,0.3475,0.3475,0.0359,0.255,0.5162,0.2612,0.2225,4,49.25,7.25,0.3037,0.3104,-0.0026,0.0067,2.0306,0.3187
2025-01-14,MSFT,422.49,422.53,422.14,422.31,30415708,0.3061,0.3061,0.0508,0.2619,0.516,0.254,0.2302,4,47.25,7.25,0.3475,0.3037,0.0066,0.0064,-0.0924,0.3181
2025-01-15,MSFT,425.44,426.19,425.0,426.03,40852925,0.3054,0.3054,0.0275,0.234,0.4822,0.2482,0.2695,4,48.25,7.25,0.3061,0.3475,0.0088,0.0068,0.3432,0.3183
2025-01-16,MSFT,428.44,430.29,428.37,428.8,43141210,0.3612,0.3612,0.0224,0.2789,0.525,0.246,0.2292,4,48.75,7.25,0.3054,0.3061,0.0065,0.0064,0.056,0.3275
2025-01-17,MSFT,431.93,433.58,430.68,431.18,11613206,0.2945,0.2945,0.0414,0.2185,0.5122,0.2938,0.194,4,45.5,7.0,0.3612,0.3054,0.0055,0.0045,-0.7308,0.3184
2025-01-18,MSFT,430.01,430.79,428.05,429.02,30341555,0.2999,0.2999,0.0296,0.2496,0.4942,0.2448,0.2605,4,48.0,7.5,0.2945,0.3612,-0.005,0.0052,1.6127,0.3169
2025-01-19,MSFT,429.7,429.77,427.59,428.99,25829793,0.2634,0.2634,0.0669,0.2442,0.5095,0.2652,0.2255,4,48.5,7.5,0.2999,0.2945,-0.0001,0.0053,-0.1487,0.3111
2025-01-20,MSFT,426.46,429.31,424.48,427.59,29799311,0.2229,0.2229,0.0497,0.182,0.4735,0.2915,0.2348,4,47.75,7.75,0.2634,0.2999,-0.0033,0.0054,0.1537,0.2933
2025-01-21,MSFT,424.3,425.37,423.29,424.9,12600031,0.1894,0.1894,0.0358,0.1677,0.4625,0.2948,0.243,4,48.25,7.25,0.2229,0.2634,-0.0063,0.0061,-0.5772,0.2767
2025-01-22,MSFT,428.69,430.77,425.54,427.54,28583310,0.2001,0.2001,0.0648,0.1518,0.472,0.3202,0.2075,4,49.25,7.25,0.1894,0.2229,0.0062,0.0056,1.2685,0.2616
2025-01-23,MSFT,429.2,431.43,428.2,429.57,41432339,0.2408,0.2408,0.0513,0.2302,0.4795,0.2492,0.2712,4,48.5,7.5,0.2001,0.1894,0.0047,0.0053,0.4495,0.2444
2025-01-24,MSFT,428.07,430.56,427.0,429.43,41402874,0.1774,0.1774,0.05,0.1512,0.479,0.3278,0.1935,4,47.25,7.25,0.2408,0.2001,-0.0003,0.0047,-0.0007,0.2277
2025-01-25,MSFT,431.9,432.49,430.81,432.07,48722900,0.2025,0.2025,0.0535,0.177,0.487,0.31,0.203,4,49.25,7.75,0.1774,0.2408,0.0061,0.0049,0.1768,0.2138
2025-01-26,MSFT,433.22,434.27,432.12,434.19,35864845,0.2161,0.2161,0.0593,0.1688,0.4765,0.3078,0.2155,4,48.75,7.25,0.2025,0.1774,0.0049,0.005,-0.2639,0.207
2025-01-27,MSFT,438.35,440.36,435.64,436.93,17892558,0.2847,0.2847,0.0147,0.2473,0.4872,0.24,0.2725,4,48.0,7.5,0.2161,0.2025,0.0063,0.0047,-0.5011,0.2159
2025-01-28,MSFT,436.33,437.58,435.53,435.65,16341446,0.3041,0.3041,0.0213,0.245,0.515,0.27,0.215,4,50.5,7.5,0.2847,0.2161,-0.0029,0.0037,-0.0867,0.2322
2025-01-29,MSFT,439.42,439.97,437.19,438.26,30684835,0.2908,0.2908,0.0473,0.2386,0.4982,0.2598,0.2418,4,51.25,7.25,0.3041,0.2847,0.006,0.0037,0.8777,0.2452
2025-01-30,MSFT,440.67,442.55,439.03,440.5,14523989,0.3559,0.3559,0.0514,0.3276,0.5545,0.227,0.2182,4,48.25,7.25,0.2908,0.3041,0.0051,0.0037,-0.5267,0.2616
2025-01-31,MSFT,438.13,439.07,436.17,437.93,33229485,0.3031,0.3031,0.0542,0.2738,0.5172,0.2435,0.239,4,48.25,7.25,0.3559,0.2908,-0.0059,0.005,1.2879,0.2796
2025-02-01,MSFT,438.25,438.79,435.85,437.21,26937552,0.254,0.254,0.0419,0.2223,0.4925,0.2702,0.237,4,48.0,7.5,0.3031,0.3559,-0.0016,0.005,-0.1893,0.287
2025-02-02,MSFT,438.52,440.09,435.47,437.48,20317580,0.2042,0.2042,0.0205,0.2368,0.4922,0.2555,0.252,4,48.0,7.5,0.254,0.3031,0.0006,0.0048,-0.2458,0.2853
2025-02-03,MSFT,436.07,438.36,434.66,437.57,13607828,0.2539,0.2539,0.0351,0.1892,0.4658,0.2765,0.2578,4,49.0,7.0,0.2042,0.254,0.0002,0.0042,-0.3302,0.2809
2025-02-04,MSFT,439.86,442.13,436.87,438.56,41526391,0.2268,0.2268,0.0344,0.185,0.4902,0.3052,0.2045,4,47.25,7.25,0.2539,0.2042,0.0023,0.004,2.0517,0.2698
2025-02-05,MSFT,440.05,441.4,438.01,440.33,48273426,0.1587,0.1587,0.0196,0.1416,0.4625,0.321,0.2162,4,50.0,7.5,0.2268,0.2539,0.004,0.0037,0.1625,0.2509
2025-02-06,MSFT,439.11,441.87,437.83,440.48,28179309,0.13,0.13,0.0323,0.1609,0.4562,0.2952,0.2492,4,51.25,7.75,0.1587,0.2268,0.0003,0.0031,-0.4163,0.2187
2025-02-07,MSFT,439.9,440.47,437.12,438.33,25198398,0.1248,0.1248,0.0606,0.1453,0.4548,0.3095,0.2355,4,45.5,7.5,0.13,0.1587,-0.0049,0.0028,-0.1058,0.1932
2025-02-08,MSFT,436.56,438.91,435.49,438.08,15340622,0.1054,0.1054,0.0501,0.089,0.4172,0.3282,0.2545,4,49.25,8.25,0.1248,0.13,-0.0006,0.0028,-0.3912,0.172
2025-02-09,MSFT,433.81,436.01,432.02,434.67,15994511,0.1389,0.1389,0.0563,0.1312,0.4452,0.314,0.2408,4,48.75,7.25,0.1054,0.1248,-0.0078,0.0041,0.0426,0.1626
2025-02-10,MSFT,436.16,436.7,435.36,435.39,15213628,0.1791,0.1791,0.0325,0.137,0.453,0.316,0.2312,4,50.5,7.5,0.1389,0.1054,0.0017,0.0042,-0.0488,0.152
2025-02-11,MSFT,435.25,437.56,433.33,434.05,15212957,0.0683,0.0683,0.0441,0.0977,0.4208,0.323,0.2565,4,50.5,8.25,0.1791,0.1389,-0.0031,0.0041,-0.0,0.1293
2025-02-12,MSFT,431.59,432.01,429.58,431.86,48459987,0.0929,0.0929,0.0083,0.0805,0.409,0.3285,0.2622,4,48.5,8.5,0.0683,0.1791,-0.0051,0.0034,2.1854,0.1199
2025-02-13,MSFT,430.2,430.25,428.56,430.05,26557042,0.13,0.13,0.0683,0.1368,0.4458,0.309,0.245,4,50.5,7.5,0.0929,0.0683,-0.0042,0.0031,-0.452,0.1199
2025-02-14,MSFT,429.32,430.83,427.46,428.42,17186371,0.1568,0.1568,0.0554,0.1495,0.467,0.3175,0.2158,4,50.25,7.25,0.13,0.0929,-0.0038,0.0031,-0.3529,0.1245
2025-02-15,MSFT,429.83,432.02,429.56,430.03,41426664,0.2406,0.2406,0.0434,0.186,0.4655,0.2795,0.255,4,48.5,7.5,0.1568,0.13,0.0038,0.004,1.4104,0.1438
2025-02-16,MSFT,432.73,434.35,430.5,431.53,47799391,0.2165,0.2164,0.0668,0.1842,0.4555,0.2712,0.2732,4,50.0,7.5,0.2406,0.1568,0.0035,0.0038,0.1538,0.1549
2025-02-17,MSFT,428.46,429.78,426.24,428.9,23198995,0.2807,0.2807,0.0305,0.246,0.5108,0.2648,0.2248,4,49.25,7.25,0.2164,0.2406,-0.0061,0.0041,-0.5147,0.1694
2025-02-18,MSFT,431.37,433.25,429.49,432.62,49824168,0.1938,0.1938,0.0507,0.1727,0.4692,0.2965,0.2345,4,49.75,7.25,0.2807,0.2164,0.0086,0.0057,1.1477,0.1873
2025-02-19,MSFT,431.05,432.26,430.16,430.85,10610593,0.1867,0.1867,0.0231,0.189,0.461,0.272,0.2668,4,50.5,7.5,0.1938,0.2807,-0.0041,0.0056,-0.787,0.2007
2025-02-20,MSFT,429.5,430.53,428.43,428.83,44930174,0.2097,0.2097,0.0336,0.1813,0.4798,0.2985,0.2215,4,49.5,7.0,0.1867,0.1938,-0.0047,0.0056,3.2345,0.2121
2025-02-21,MSFT,431.86,433.37,429.05,430.57,48248846,0.2366,0.2366,0.0432,0.1415,0.4408,0.2992,0.26,4,48.5,7.5,0.2097,0.1867,0.004,0.0056,0.0739,0.2235
2025-02-22,MSFT,427.64,429.78,424.72,426.87,38823456,0.2243,0.2243,0.0605,0.1788,0.4715,0.2928,0.2358,4,48.25,7.25,0.2366,0.2097,-0.0086,0.0064,-0.1953,0.2212
2025-02-23,MSFT,430.33,431.52,428.53,429.07,17248721,0.1837,0.1837,0.0235,0.167,0.4615,0.2945,0.244,4,48.5,7.5,0.2243,0.2366,0.0051,0.0066,-0.5557,0.2165
2025-02-24,MSFT,432.75,433.84,429.43,431.62,17433282,0.2083,0.2083,0.042,0.1671,0.4592,0.2922,0.2482,4,48.5,7.5,0.1837,0.2243,0.0059,0.0066,0.0107,0.2062
2025-02-25,MSFT,433.94,436.8,433.54,435.49,22644195,0.221,0.221,0.0301,0.2023,0.478,0.2758,0.2462,4,49.25,7.25,0.2083,0.1837,0.0089,0.0066,0.2989,0.21
2025-02-26,MSFT,435.65,436.31,432.77,435.05,16134593,0.1833,0.1833,0.0425,0.1795,0.478,0.2985,0.2235,4,48.75,7.25,0.221,0.2083,-0.001,0.0063,-0.2875,0.2096
2025-02-27,MSFT,438.6,440.01,434.87,437.03,21517363,0.213,0.213,0.0316,0.1605,0.4468,0.2862,0.267,4,49.75,7.75,0.1833,0.221,0.0045,0.0058,0.3336,0.21
2025-02-28,MSFT,434.24,436.38,432.62,434.71,22772675,0.1991,0.1991,0.0326,0.1737,0.477,0.3032,0.2198,4,48.0,7.5,0.213,0.1833,-0.0053,0.0065,0.0583,0.2047
2025-03-01,MSFT,431.51,435.09,430.44,432.93,43847754,0.2206,0.2206,0.0208,0.2002,0.4885,0.2882,0.2235,4,48.75,7.25,0.1991,0.213,-0.0041,0.0055,0.9255,0.2041
2025-01-01,NASDAQ,15504.62,15552.89,15474.72,15509.49,7847238809,0.3349,0.3349,0.052,0.2859,0.5182,0.2325,0.2487,4,51.0,7.0,,,,,,0.3349
2025-01-02,NASDAQ,15604.64,15667.79,15550.9,15583.24,7486001430,0.2789,0.2789,0.0584,0.2708,0.5245,0.2538,0.2218,4,49.5,7.5,0.3349,,0.0047,,-0.046,0.3069
2025-01-03,NASDAQ,15699.93,15752.66,15646.87,15668.73,5892478009,0.3004,0.3004,0.0302,0.2445,0.5095,0.265,0.2255,4,48.25,7.25,0.2789,0.3349,0.0055,0.0005,-0.2129,0.3047
2025-01-04,NASDAQ,15600.14,15639.92,15600.07,15622.69,7145710560,0.3281,0.3281,0.0299,0.2298,0.4985,0.2688,0.2328,4,50.5,7.5,0.3004,0.2789,-0.0029,0.0047,0.2127,0.3106
2025-01-05,NASDAQ,15584.85,15602.57,15517.15,15545.5,6427718982,0.3266,0.3266,0.0129,0.2644,0.5272,0.2628,0.2102,4,48.0,7.5,0.3281,0.3004,-0.005,0.0053,-0.1005,0.3138
2025-01-06,NASDAQ,15390.71,15490.26,15366.76,15437.2,5956091771,0.3726,0.3726,0.0383,0.2878,0.5235,0.2358,0.2408,4,48.5,7.5,0.3266,0.3281,-0.007,0.0057,-0.0734,0.3236
2025-01-07,NASDAQ,15416.96,15440.27,15402.97,15429.43,7578303748,0.3282,0.3282,0.0384,0.2868,0.5142,0.2275,0.2582,4,45.25,7.25,0.3726,0.3266,-0.0005,0.0051,0.2724,0.3242
2025-01-08,NASDAQ,15385.98,15450.28,15325.25,15374.19,6025135638,0.4004,0.4004,0.0198,0.313,0.5305,0.2175,0.252,4,50.0,7.5,0.3282,0.3726,-0.0036,0.0048,-0.2049,0.3336
2025-01-09,NASDAQ,15471.71,15526.17,15388.24,15424.3,7439546441,0.3793,0.3793,0.0559,0.2939,0.5328,0.2388,0.2288,4,46.5,7.5,0.4004,0.3282,0.0033,0.0045,0.2348,0.3479
2025-01-10,NASDAQ,15499.09,15609.27,15460.88,15541.44,6080426342,0.3712,0.3712,0.0517,0.2982,0.53,0.2318,0.2385,4,50.0,7.5,0.3793,0.4004,0.0076,0.0051,-0.1827,0.3581
2025-01-11,NASDAQ,15518.84,15603.65,15503.4,15537.72,7754579475,0.3887,0.3887,0.0441,0.3005,0.548,0.2475,0.2045,4,48.25,7.25,0.3712,0.3793,-0.0002,0.005,0.2753,0.3667
2025-01-12,NASDAQ,15573.18,15687.05,15552.19,15621.05,5317867734,0.3586,0.3586,0.0478,0.2869,0.5332,0.2462,0.2208,4,49.25,7.75,0.3887,0.3712,0.0053,0.0051,-0.3142,0.3713
2025-01-13,NASDAQ,15549.88,15595.66,15469.18,15529.13,7697750920,0.3677,0.3677,0.0433,0.2699,0.5212,0.2512,0.2278,4,51.0,7.0,0.3586,0.3887,-0.0059,0.0048,0.4475,0.3706
2025-01-14,NASDAQ,15614.1,15628.02,15557.4,15564.85,6089973426,0.3853,0.3853,0.0317,0.2987,0.546,0.2472,0.2068,4,50.75,7.25,0.3677,0.3586,0.0023,0.0048,-0.2089,0.3787
2025-01-15,NASDAQ,15615.67,15641.71,15556.78,15570.17,6941210498,0.3862,0.3862,0.0501,0.3087,0.5462,0.2375,0.2162,4,50.0,7.5,0.3853,0.3677,0.0003,0.0044,0.1398,0.3767
2025-01-16,NASDAQ,15566.72,15598.68,15494.82,15566.25,5644205375,0.3801,0.3801,0.0147,0.301,0.5177,0.2168,0.2655,4,50.75,7.25,0.3862,0.3853,-0.0003,0.0044,-0.1869,0.3768
2025-01-17,NASDAQ,15551.85,15617.01,15482.39,15575.38,6133905066,0.2826,0.2826,0.0369,0.2225,0.502,0.2795,0.2185,4,49.25,7.75,0.3801,0.3862,0.0006,0.0034,0.0868,0.3642
2025-01-18,NASDAQ,15612.32,15657.84,15549.77,15571.31,5480927118,0.3668,0.3668,0.0683,0.2817,0.5342,0.2525,0.2135,4,49.5,7.5,0.2826,0.3801,-0.0003,0.0034,-0.1065,0.361
2025-01-19,NASDAQ,15584.17,15593.07,15531.93,15587.39,6871316571,0.3672,0.3672,0.048,0.291,0.5225,0.2315,0.246,4,49.75,7.75,0.3668,0.2826,0.001,0.0026,0.2537,0.3623
2025-01-20,NASDAQ,15517.85,15571.49,15475.39,15514.82,6186467228,0.3367,0.3366,0.0632,0.2566,0.5048,0.2482,0.2468,4,49.0,8.0,0.3672,0.3668,-0.0047,0.0022,-0.0997,0.3578
2025-01-21,NASDAQ,15464.75,15545.44,15414.85,15475.68,5224237710,0.2775,0.2775,0.0674,0.2459,0.52,0.2742,0.2052,4,50.0,7.5,0.3366,0.3672,-0.0025,0.002,-0.1555,0.3424
2025-01-22,NASDAQ,15432.2,15477.91,15358.77,15470.9,7847208180,0.334,0.334,0.0407,0.235,0.5045,0.2695,0.2262,4,46.5,7.5,0.2775,0.3366,-0.0003,0.002,0.5021,0.335
2025-01-23,NASDAQ,15328.82,15398.25,15266.49,15371.46,6255150013,0.2938,0.2938,0.0572,0.2345,0.5085,0.274,0.2175,4,49.25,7.25,0.334,0.2775,-0.0064,0.0028,-0.2029,0.3226
2025-01-24,NASDAQ,15348.63,15418.94,15346.14,15361.83,6779467986,0.2823,0.2822,0.0268,0.2436,0.5022,0.2585,0.2398,4,47.5,7.0,0.2938,0.334,-0.0006,0.0027,0.0838,0.3226
2025-01-25,NASDAQ,15304.82,15330.36,15255.33,15289.75,6002409235,0.2947,0.2947,0.0658,0.2337,0.494,0.2602,0.246,4,48.0,7.5,0.2822,0.2938,-0.0047,0.0028,-0.1146,0.3123
2025-01-26,NASDAQ,15233.06,15235.5,15164.28,15198.59,7863343084,0.293,0.293,0.0474,0.2952,0.5258,0.2305,0.2438,4,45.5,7.0,0.2947,0.2822,-0.006,0.0025,0.31,0.3017
2025-01-27,NASDAQ,15066.83,15163.18,15020.59,15109.99,6935833265,0.2777,0.2778,0.0374,0.2337,0.5032,0.2695,0.2275,4,50.75,7.25,0.293,0.2947,-0.0058,0.0026,-0.118,0.2933
2025-01-28,NASDAQ,15232.03,15268.84,15142.97,15193.81,6760461335,0.2645,0.2645,0.0457,0.2112,0.4905,0.2792,0.2302,4,49.5,7.0,0.2778,0.293,0.0055,0.0044,-0.0253,0.2914
2025-01-29,NASDAQ,15321.4,15372.06,15240.4,15279.57,6137482591,0.2571,0.2571,0.0694,0.2115,0.4755,0.264,0.2605,4,49.75,7.75,0.2645,0.2778,0.0056,0.0054,-0.0922,0.2804
2025-01-30,NASDAQ,15233.62,15310.61,15197.31,15245.41,7474169492,0.2617,0.2617,0.0297,0.2145,0.49,0.2755,0.2345,4,48.75,7.25,0.2571,0.2645,-0.0022,0.005,0.2178,0.2759
2025-01-31,NASDAQ,15265.17,15269.67,15222.67,15226.42,6140450425,0.2392,0.2392,0.0433,0.193,0.4808,0.2878,0.2315,4,49.0,7.0,0.2617,0.2571,-0.0012,0.005,-0.1784,0.2697
2025-02-01,NASDAQ,15170.45,15245.81,15166.74,15191.64,5663369788,0.259,0.259,0.0586,0.2113,0.4958,0.2845,0.2198,4,48.5,7.5,0.2392,0.2617,-0.0023,0.0048,-0.0777,0.2646
2025-02-02,NASDAQ,15137.02,15152.13,15127.29,15141.63,7831366667,0.2507,0.2507,0.0328,0.2293,0.493,0.2638,0.2432,4,48.25,7.25,0.259,0.2392,-0.0033,0.0044,0.3828,0.2586
2025-02-03,NASDAQ,15251.28,15280.98,15194.19,15220.17,7373012222,0.1903,0.1903,0.04,0.1722,0.4628,0.2905,0.247,4,50.75,7.25,0.2507,0.259,0.0052,0.0042,-0.0585,0.2461
2025-02-04,NASDAQ,15263.8,15317.81,15198.52,15227.53,5788772742,0.2285,0.2285,0.0398,0.2312,0.496,0.2648,0.2392,4,46.75,7.25,0.1903,0.2507,0.0005,0.0037,-0.2149,0.2409
2025-02-05,NASDAQ,15202.29,15227.33,15184.42,15202.07,6195506086,0.2863,0.2863,0.039,0.2264,0.5045,0.278,0.2178,4,47.25,7.25,0.2285,0.1903,-0.0017,0.0029,0.0703,0.2451
2025-02-06,NASDAQ,15063.66,15102.36,15060.48,15089.98,6961096078,0.3098,0.3098,0.0479,0.2265,0.491,0.2645,0.2445,4,46.5,7.5,0.2863,0.2285,-0.0074,0.0038,0.1236,0.252
2025-02-07,NASDAQ,15130.5,15196.86,15115.55,15160.95,7211683031,0.2527,0.2527,0.0693,0.24,0.5012,0.2612,0.2375,4,50.25,7.25,0.3098,0.2863,0.0047,0.0045,0.036,0.2539
2025-02-08,NASDAQ,15238.96,15304.93,15206.63,15214.25,7948064718,0.1835,0.1836,0.0333,0.2128,0.5005,0.2878,0.2115,4,48.5,7.5,0.2527,0.3098,0.0035,0.0046,0.1021,0.2431
2025-02-09,NASDAQ,15288.4,15375.78,15235.33,15306.81,5571370991,0.1618,0.1618,0.0651,0.1717,0.4608,0.289,0.2508,4,46.25,7.5,0.1836,0.2527,0.0061,0.0048,-0.299,0.2304
2025-02-10,NASDAQ,15339.49,15368.1,15243.09,15297.54,6159330052,0.1024,0.1024,0.0506,0.1314,0.4565,0.325,0.2188,4,50.5,8.5,0.1618,0.1836,-0.0006,0.0046,0.1055,0.2179
2025-02-11,NASDAQ,15251.59,15324.79,15248.1,15260.9,6156411304,0.0724,0.0724,0.0103,0.105,0.4375,0.3325,0.23,4,45.25,7.5,0.1024,0.1618,-0.0024,0.0047,-0.0005,0.1956
2025-02-12,NASDAQ,15163.35,15190.03,15114.9,15182.33,5858542612,0.1793,0.1793,0.0451,0.1815,0.461,0.2795,0.2592,4,47.75,7.75,0.0724,0.1024,-0.0052,0.0051,-0.0484,0.1803
2025-02-13,NASDAQ,15071.84,15115.39,15040.08,15114.05,5064880977,0.1292,0.1292,0.0456,0.1423,0.4385,0.2962,0.265,4,50.0,7.75,0.1793,0.0724,-0.0045,0.0045,-0.1355,0.1545
2025-02-14,NASDAQ,15114.82,15138.26,15105.23,15114.92,6129162613,0.1163,0.1163,0.0505,0.154,0.4622,0.3083,0.2298,4,48.75,8.0,0.1292,0.1793,0.0001,0.0041,0.2101,0.135
2025-02-15,NASDAQ,15134.02,15200.05,15091.09,15161.42,5601849113,0.0958,0.0958,0.0271,0.1158,0.4442,0.3285,0.227,4,50.5,8.25,0.1163,0.1292,0.0031,0.004,-0.086,0.1225
2025-02-16,NASDAQ,15147.39,15165.48,15098.36,15114.68,6558346359,0.0794,0.0794,0.0628,0.095,0.415,0.32,0.265,4,50.0,8.75,0.0958,0.1163,-0.0031,0.0029,0.1707,0.1107
2025-02-17,NASDAQ,15091.58,15148.89,15044.96,15134.68,7451777806,0.178,0.178,0.0466,0.2298,0.4875,0.2578,0.2548,4,49.25,7.25,0.0794,0.0958,0.0013,0.0031,0.1362,0.1215
2025-02-18,NASDAQ,15177.87,15196.97,15151.25,15154.11,5916332679,0.1326,0.1326,0.0537,0.1661,0.4565,0.2905,0.2525,4,50.5,7.25,0.178,0.0794,0.0013,0.0032,-0.2061,0.1301
2025-02-19,NASDAQ,15262.34,15278.36,15166.68,15218.27,7347954688,0.1137,0.1137,0.0551,0.117,0.4318,0.3148,0.2538,4,50.0,8.75,0.1326,0.178,0.0042,0.0032,0.242,0.1207
2025-02-20,NASDAQ,15192.98,15240.59,15181.3,15212.26,6194448480,0.083,0.083,0.0617,0.121,0.4375,0.3165,0.2463,4,48.25,8.0,0.1137,0.1326,-0.0004,0.0024,-0.157,0.1141
2025-02-21,NASDAQ,15192.9,15241.62,15155.79,15236.59,5986759334,0.103,0.103,0.0426,0.144,0.4402,0.2962,0.2632,4,49.0,7.75,0.083,0.1137,0.0016,0.0024,-0.0335,0.1122
2025-02-22,NASDAQ,15289.93,15312.83,15183.5,15243.49,6661825201,0.1332,0.1332,0.0419,0.1508,0.4448,0.294,0.2612,4,47.75,7.5,0.103,0.083,0.0005,0.0022,0.1128,0.1176
2025-02-23,NASDAQ,15257.23,15279.03,15208.3,15236.32,7506712129,0.0803,0.0803,0.015,0.111,0.4435,0.3325,0.224,4,48.75,8.0,0.1332,0.103,-0.0005,0.0016,0.1268,0.1177
2025-02-24,NASDAQ,15361.12,15390.11,15292.7,15355.09,6280715961,0.084,0.084,0.0314,0.0702,0.4185,0.3482,0.2335,4,48.25,8.0,0.0803,0.1332,0.0078,0.003,-0.1633,0.1043
2025-02-25,NASDAQ,15399.25,15454.11,15333.52,15372.78,7427103650,0.1442,0.1442,0.0635,0.1668,0.4678,0.301,0.2312,4,49.75,8.25,0.084,0.0803,0.0012,0.003,0.1825,0.1059
2025-02-26,NASDAQ,15474.92,15527.98,15387.43,15446.75,6038321722,0.13,0.13,0.0466,0.115,0.4302,0.3153,0.2542,4,46.25,7.5,0.1442,0.084,0.0048,0.0031,-0.187,0.1082
2025-02-27,NASDAQ,15419.71,15452.98,15344.78,15370.78,6664729501,0.1303,0.1303,0.0569,0.1147,0.4342,0.3195,0.2465,4,49.5,7.75,0.13,0.1442,-0.0049,0.004,0.1037,0.115
2025-02-28,NASDAQ,15263.76,15317.91,15247.13,15298.98,6442142169,0.1748,0.1748,0.0259,0.1698,0.4735,0.3038,0.2225,4,49.75,7.75,0.1303,0.13,-0.0047,0.0046,-0.0334,0.1253
2025-03-01,NASDAQ,15331.5,15351.47,15291.12,15303.59,7155380534,0.1215,0.1215,0.0509,0.1359,0.4355,0.2995,0.2652,4,50.5,8.25,0.1748,0.1303,0.0003,0.0046,0.1107,0.1236
2025-01-01,NIFTY50,22400.69,22413.33,22358.19,22392.56,6612250815,0.2246,0.2246,0.0536,0.2249,0.4845,0.2598,0.2552,4,48.5,7.5,,,,,,0.2246
2025-01-02,NIFTY50,22275.6,22338.24,22215.11,22269.63,6905470966,0.3201,0.3201,0.0603,0.261,0.5235,0.2625,0.214,4,49.25,7.75,0.2246,,-0.0055,,0.0443,0.2724
2025-01-03,NIFTY50,22436.21,22481.1,22320.97,22384.42,6624006148,0.3211,0.3211,0.0495,0.2555,0.4958,0.2402,0.264,4,47.5,7.0,0.3201,0.2246,0.0051,0.0075,-0.0408,0.2886
2025-01-04,NIFTY50,22381.5,22452.89,22304.63,22342.49,7634345590,0.3036,0.3036,0.0385,0.2604,0.497,0.2365,0.2668,4,48.0,7.5,0.3211,0.3201,-0.0019,0.0054,0.1525,0.2924
2025-01-05,NIFTY50,22352.17,22435.64,22299.08,22370.87,6194164522,0.3239,0.3239,0.0691,0.2723,0.5082,0.236,0.2555,4,46.5,7.5,0.3036,0.3211,0.0013,0.0045,-0.1886,0.2987
2025-01-06,NIFTY50,22347.35,22410.0,22316.08,22379.9,5287070348,0.3885,0.3885,0.047,0.3062,0.5385,0.2322,0.2292,4,49.25,7.25,0.3239,0.3036,0.0004,0.0039,-0.1464,0.3136
2025-01-07,NIFTY50,22540.77,22593.27,22463.15,22496.61,6216858170,0.336,0.336,0.0498,0.2652,0.5182,0.253,0.2288,4,47.0,7.0,0.3885,0.3239,0.0052,0.0041,0.1759,0.3168
2025-01-08,NIFTY50,22597.34,22645.54,22487.81,22550.48,7484638273,0.3258,0.3258,0.0279,0.2543,0.4968,0.2425,0.2605,4,50.5,7.5,0.336,0.3885,0.0024,0.0038,0.2039,0.3313
2025-01-09,NIFTY50,22423.88,22519.81,22352.56,22466.74,6455842151,0.2618,0.2618,0.0317,0.2167,0.4762,0.2595,0.2645,4,49.25,7.25,0.3258,0.336,-0.0037,0.0033,-0.1375,0.323
2025-01-10,NIFTY50,22438.24,22556.3,22401.97,22483.46,5823237894,0.2847,0.2847,0.0365,0.2468,0.5112,0.2645,0.2242,4,48.0,7.5,0.2618,0.3258,0.0007,0.0029,-0.098,0.3178
2025-01-11,NIFTY50,22472.13,22495.32,22438.31,22460.03,7583188809,0.334,0.334,0.0576,0.242,0.5172,0.2752,0.2075,4,49.25,7.75,0.2847,0.2618,-0.001,0.0028,0.3022,0.3221
2025-01-12,NIFTY50,22330.44,22363.39,22302.72,22349.49,5184629102,0.3635,0.3636,0.0357,0.3205,0.5458,0.2252,0.229,4,50.25,7.25,0.334,0.2847,-0.0049,0.0035,-0.3163,0.3278
2025-01-13,NIFTY50,22264.44,22364.19,22246.66,22293.16,6390643517,0.3316,0.3316,0.0187,0.2763,0.5398,0.2635,0.1965,4,49.5,7.5,0.3636,0.334,-0.0025,0.0036,0.2326,0.3196
2025-01-14,NIFTY50,22250.6,22351.78,22209.43,22290.57,7012241601,0.408,0.408,0.0258,0.3193,0.551,0.2318,0.217,4,50.25,7.25,0.3316,0.3636,-0.0001,0.0026,0.0973,0.3299
2025-01-15,NIFTY50,22441.54,22474.01,22315.71,22388.83,7220939092,0.4158,0.4158,0.0519,0.3432,0.558,0.2148,0.2272,4,50.0,7.5,0.408,0.3316,0.0044,0.0031,0.0298,0.3428
2025-01-16,NIFTY50,22402.52,22433.76,22360.53,22405.71,6966149598,0.4057,0.4058,0.0546,0.334,0.5382,0.2042,0.2575,4,50.25,7.25,0.4158,0.408,0.0008,0.0029,-0.0353,0.3634
2025-01-17,NIFTY50,22366.13,22458.56,22353.66,22389.14,6354641068,0.4476,0.4476,0.0363,0.3528,0.564,0.211,0.2255,4,49.5,7.5,0.4058,0.4158,-0.0007,0.0029,-0.0878,0.3866
2025-01-18,NIFTY50,22349.67,22389.92,22298.11,22369.8,7632467725,0.481,0.481,0.0401,0.3531,0.5745,0.2215,0.2037,4,51.5,9.0,0.4476,0.4058,-0.0009,0.0029,0.2011,0.4076
2025-01-19,NIFTY50,22309.09,22433.11,22300.55,22353.19,5699159563,0.4861,0.4861,0.0687,0.3768,0.571,0.1942,0.2348,4,52.25,8.75,0.481,0.4476,-0.0007,0.0022,-0.2533,0.4251
2025-01-20,NIFTY50,22429.91,22487.27,22428.7,22479.36,5483300069,0.4783,0.4784,0.0639,0.3833,0.579,0.1958,0.225,4,46.75,8.0,0.4861,0.481,0.0056,0.0027,-0.0379,0.4461
2025-01-21,NIFTY50,22653.3,22694.22,22549.48,22618.56,5061204832,0.4453,0.4452,0.0396,0.3662,0.5618,0.1955,0.2428,4,46.75,8.25,0.4784,0.4861,0.0062,0.0032,-0.077,0.4514
2025-01-22,NIFTY50,22676.59,22746.91,22629.23,22652.35,7060267160,0.5067,0.5067,0.0453,0.3775,0.5805,0.203,0.2165,4,49.5,8.25,0.4452,0.4784,0.0015,0.003,0.395,0.4644
2025-01-23,NIFTY50,22735.49,22738.33,22671.69,22705.14,5867579455,0.4495,0.4494,0.0544,0.3582,0.5692,0.211,0.22,4,48.0,7.5,0.5067,0.4452,0.0023,0.003,-0.1689,0.4706
2025-01-24,NIFTY50,22761.91,22832.27,22712.14,22794.77,6812778547,0.4782,0.4782,0.0646,0.3523,0.5412,0.1888,0.2705,4,47.25,8.0,0.4494,0.5067,0.0039,0.0028,0.1611,0.475
2025-01-25,NIFTY50,22897.97,22920.67,22867.89,22889.73,6608576837,0.4423,0.4423,0.0598,0.3262,0.5612,0.235,0.204,4,50.0,8.5,0.4782,0.4494,0.0042,0.0024,-0.03,0.4695
2025-01-26,NIFTY50,22887.84,22895.35,22822.07,22881.26,5641210063,0.4621,0.4621,0.013,0.3628,0.5695,0.2068,0.2238,4,45.25,7.25,0.4423,0.4782,-0.0004,0.0023,-0.1464,0.466
2025-01-27,NIFTY50,22813.09,22831.79,22755.61,22803.54,6114390018,0.5414,0.5414,0.0411,0.4276,0.5982,0.1705,0.2315,4,49.75,9.0,0.4621,0.4423,-0.0034,0.0032,0.0839,0.475
2025-01-28,NIFTY50,22790.96,22811.73,22778.18,22795.03,7641265708,0.474,0.474,0.0418,0.3882,0.574,0.1858,0.2402,4,51.5,8.0,0.5414,0.4621,-0.0004,0.0027,0.2497,0.4792
2025-01-29,NIFTY50,22791.98,22794.9,22741.53,22782.37,6662509164,0.5163,0.5163,0.0362,0.4038,0.5888,0.185,0.2262,4,48.0,8.0,0.474,0.5414,-0.0006,0.0028,-0.1281,0.4805
2025-01-30,NIFTY50,22781.26,22818.49,22760.55,22803.92,7432191395,0.464,0.464,0.0416,0.3431,0.551,0.208,0.2408,4,47.0,7.25,0.5163,0.474,0.0009,0.0027,0.1155,0.4826
2025-01-31,NIFTY50,22971.83,23012.91,22914.08,22931.76,5180219505,0.4175,0.4175,0.024,0.317,0.552,0.235,0.213,4,46.5,7.5,0.464,0.5163,0.0056,0.0031,-0.303,0.4739
2025-02-01,NIFTY50,22928.4,22986.9,22845.27,22889.25,5431503412,0.504,0.504,0.0435,0.4091,0.5968,0.1878,0.2152,4,52.5,10.0,0.4175,0.464,-0.0019,0.0028,0.0485,0.4828
2025-02-02,NIFTY50,22726.28,22774.39,22676.61,22759.95,6010765739,0.4712,0.4712,0.0466,0.379,0.5933,0.2142,0.1925,4,51.75,8.75,0.504,0.4175,-0.0057,0.0036,0.1066,0.4841
2025-02-03,NIFTY50,22808.92,22816.05,22770.47,22788.76,5564175699,0.5336,0.5336,0.0349,0.4207,0.5833,0.1628,0.2535,4,54.25,9.75,0.4712,0.504,0.0013,0.0034,-0.0743,0.4829
2025-02-04,NIFTY50,22757.25,22796.18,22756.26,22774.55,6556812092,0.6093,0.6093,0.0304,0.4601,0.6355,0.1752,0.1895,4,55.5,10.5,0.5336,0.4712,-0.0006,0.0034,0.1784,0.5023
2025-02-05,NIFTY50,22758.24,22857.32,22719.55,22808.92,6720204877,0.5885,0.5884,0.0478,0.4184,0.5882,0.1698,0.2422,4,58.25,10.25,0.6093,0.5336,0.0015,0.0035,0.0249,0.5126
2025-02-06,NIFTY50,22895.37,22958.17,22875.78,22931.51,5787900837,0.5092,0.5092,0.0299,0.3736,0.5655,0.192,0.2422,4,49.5,9.5,0.5884,0.6093,0.0054,0.004,-0.1387,0.519
2025-02-07,NIFTY50,22911.36,22979.78,22905.76,22938.23,7170742101,0.494,0.494,0.0369,0.3975,0.5782,0.1808,0.241,4,55.25,9.75,0.5092,0.5884,0.0003,0.0034,0.2389,0.53
2025-02-08,NIFTY50,23051.23,23106.29,22992.6,23027.96,7667358067,0.5775,0.5775,0.0583,0.4218,0.586,0.1642,0.2498,4,44.75,8.0,0.494,0.5092,0.0039,0.0035,0.0693,0.5405
2025-02-09,NIFTY50,23126.06,23186.46,23052.51,23128.88,6487151030,0.4666,0.4666,0.0354,0.3719,0.5648,0.1928,0.2428,4,48.5,7.5,0.5775,0.494,0.0044,0.0023,-0.1539,0.5398
2025-02-10,NIFTY50,23054.49,23100.89,23022.2,23082.6,7597181711,0.4675,0.4675,0.061,0.3412,0.5565,0.2155,0.2275,4,50.5,8.0,0.4666,0.5775,-0.002,0.0028,0.1711,0.5304
2025-02-11,NIFTY50,23160.99,23178.89,23120.63,23150.3,5852312447,0.5214,0.5214,0.0591,0.4064,0.5955,0.1888,0.2165,4,53.25,9.75,0.4675,0.4666,0.0029,0.0026,-0.2297,0.5178
2025-02-12,NIFTY50,23038.93,23086.8,23001.22,23065.87,6157578340,0.5066,0.5066,0.0288,0.3763,0.5752,0.199,0.2258,4,53.5,8.75,0.5214,0.4675,-0.0037,0.0034,0.0522,0.5061
2025-02-13,NIFTY50,23216.97,23223.65,23197.34,23204.84,6772261164,0.4659,0.4659,0.0563,0.326,0.5695,0.2435,0.187,4,50.0,8.0,0.5066,0.5214,0.006,0.0036,0.0998,0.4999
2025-02-14,NIFTY50,23247.14,23283.27,23233.57,23238.08,6549639531,0.445,0.445,0.017,0.3388,0.5495,0.2108,0.2398,4,50.5,7.5,0.4659,0.5066,0.0014,0.0035,-0.0329,0.4929
2025-02-15,NIFTY50,23284.08,23292.77,23234.64,23244.98,5303084739,0.4686,0.4686,0.0446,0.3436,0.5615,0.218,0.2202,4,48.0,7.5,0.445,0.4659,0.0003,0.0034,-0.1903,0.4774
2025-02-16,NIFTY50,23315.08,23336.15,23266.61,23281.16,7873505913,0.4324,0.4324,0.0226,0.358,0.5585,0.2005,0.241,4,49.0,8.0,0.4686,0.445,0.0016,0.0032,0.4847,0.4725
2025-02-17,NIFTY50,23416.07,23443.65,23368.15,23385.82,6475627878,0.4168,0.4168,0.0347,0.2998,0.5472,0.2475,0.205,4,50.0,7.5,0.4324,0.4686,0.0045,0.0031,-0.1775,0.4652
2025-02-18,NIFTY50,23237.49,23300.42,23162.25,23256.62,5493178052,0.4733,0.4733,0.0275,0.3541,0.5598,0.2058,0.2342,4,52.0,7.0,0.4168,0.4324,-0.0055,0.0041,-0.1517,0.4584
2025-02-19,NIFTY50,23314.35,23357.76,23280.85,23347.07,5510457923,0.4829,0.4829,0.0388,0.3768,0.5635,0.1868,0.2495,4,48.0,7.25,0.4733,0.4168,0.0039,0.0038,0.0031,0.455
2025-02-20,NIFTY50,23310.41,23357.03,23249.46,23283.95,7843198412,0.544,0.544,0.0513,0.3664,0.5888,0.2225,0.1885,4,51.25,9.75,0.4829,0.4733,-0.0027,0.0036,0.4233,0.4661
2025-02-21,NIFTY50,23132.42,23204.39,23067.91,23185.14,6016909778,0.4832,0.4832,0.0409,0.3845,0.581,0.1965,0.2225,4,51.5,8.5,0.544,0.4829,-0.0043,0.0039,-0.2328,0.4716
2025-02-22,NIFTY50,23051.73,23117.08,22996.96,23091.4,6699331055,0.4962,0.4962,0.0532,0.3485,0.5762,0.2278,0.196,4,52.25,8.75,0.4832,0.544,-0.0041,0.0042,0.1134,0.4755
2025-02-23,NIFTY50,23089.58,23150.44,23081.82,23089.12,7004541985,0.5076,0.5076,0.036,0.3482,0.5542,0.206,0.2398,4,53.75,8.75,0.4962,0.4832,-0.0001,0.004,0.0456,0.4863
2025-02-24,NIFTY50,23253.58,23265.33,23144.47,23204.33,6311844944,0.5638,0.5638,0.0358,0.3968,0.5818,0.185,0.233,4,51.0,9.75,0.5076,0.4962,0.005,0.0042,-0.0989,0.5073
2025-02-25,NIFTY50,23223.44,23265.73,23172.48,23183.04,6429861368,0.5586,0.5586,0.0523,0.4188,0.6142,0.1955,0.1902,4,50.75,9.0,0.5638,0.5076,-0.0009,0.0037,0.0187,0.5195
2025-02-26,NIFTY50,23288.93,23329.19,23178.87,23261.94,7059951270,0.5969,0.5969,0.0294,0.4395,0.612,0.1725,0.2155,4,57.75,10.75,0.5586,0.5638,0.0034,0.0036,0.098,0.5358
2025-02-27,NIFTY50,23372.36,23436.94,23359.4,23362.81,5368733547,0.5814,0.5814,0.0127,0.4184,0.59,0.1718,0.238,4,54.0,9.75,0.5969,0.5586,0.0043,0.0038,-0.2396,0.5411
2025-02-28,NIFTY50,23296.13,23367.03,23256.14,23285.17,6963863580,0.5114,0.5114,0.0519,0.4008,0.5972,0.1965,0.2062,4,51.5,9.0,0.5814,0.5969,-0.0033,0.0037,0.2971,0.5451
2025-03-01,NIFTY50,23339.59,23379.28,23291.08,23349.25,6026796778,0.5972,0.5972,0.0395,0.484,0.6338,0.1498,0.2165,4,52.0,9.75,0.5114,0.5814,0.0027,0.0031,-0.1346,0.5596
2025-01-01,NVDA,828.71,830.54,823.55,829.37,30537379,0.5221,0.5221,0.0529,0.3859,0.5828,0.1967,0.2208,4,49.75,8.0,,,,,,0.5221
2025-01-02,NVDA,829.71,836.91,822.95,833.61,40026760,0.5595,0.5594,0.0333,0.4329,0.5978,0.1648,0.2378,4,52.0,9.75,0.5221,,0.0051,,0.3107,0.5408
2025-01-03,NVDA,832.8,836.27,825.42,833.83,36694046,0.5784,0.5784,0.0398,0.4434,0.608,0.1645,0.2278,4,54.75,9.5,0.5594,0.5221,0.0003,0.0034,-0.0833,0.5533
2025-01-04,NVDA,824.63,829.25,822.5,822.92,10955367,0.6129,0.6129,0.0328,0.4596,0.6162,0.1568,0.2268,4,54.0,9.75,0.5784,0.5594,-0.0132,0.0095,-0.7014,0.5682
2025-01-05,NVDA,823.83,827.07,820.24,822.18,16588709,0.6751,0.6751,0.0451,0.5126,0.6468,0.134,0.2195,4,55.0,9.75,0.6129,0.5784,-0.0009,0.0078,0.5142,0.5896
2025-01-06,NVDA,827.2,828.83,824.82,827.34,33672316,0.6555,0.6555,0.0344,0.5002,0.6418,0.1415,0.2168,4,52.75,9.5,0.6751,0.6129,0.0063,0.0077,1.0298,0.6006
2025-01-07,NVDA,820.68,821.22,811.25,817.22,40096369,0.7719,0.7719,0.0269,0.5568,0.67,0.1132,0.2168,4,52.75,9.5,0.6555,0.6751,-0.0123,0.0084,0.1908,0.625
2025-01-08,NVDA,821.78,828.88,818.24,823.92,35691126,0.7134,0.7134,0.0466,0.5337,0.6567,0.123,0.2202,4,60.0,10.0,0.7719,0.6555,0.0082,0.0087,-0.1099,0.6524
2025-01-09,NVDA,811.81,818.69,808.15,813.0,24300533,0.7934,0.7934,0.0582,0.5655,0.6825,0.117,0.2005,4,54.75,10.75,0.7134,0.7719,-0.0133,0.0093,-0.3191,0.6858
2025-01-10,NVDA,806.68,813.1,800.35,808.06,23693363,0.747,0.747,0.0623,0.5342,0.6815,0.1472,0.1713,4,52.25,10.0,0.7934,0.7134,-0.0061,0.0092,-0.025,0.7099
2025-01-11,NVDA,814.48,821.56,810.61,815.08,30705193,0.7161,0.7161,0.056,0.536,0.647,0.111,0.242,4,55.0,9.75,0.747,0.7934,0.0086,0.0094,0.2959,0.7246
2025-01-12,NVDA,815.02,824.57,814.48,817.47,12137384,0.6887,0.6888,0.0249,0.4421,0.612,0.17,0.2178,4,57.5,10.5,0.7161,0.747,0.0029,0.0096,-0.6047,0.7266
2025-01-13,NVDA,828.39,833.28,824.79,828.69,13746298,0.6429,0.6429,0.0461,0.5025,0.645,0.1425,0.2125,4,57.5,10.5,0.6888,0.7161,0.0136,0.0108,0.1326,0.7248
2025-01-14,NVDA,833.37,838.19,831.07,835.85,43513655,0.6627,0.6627,0.0102,0.462,0.6265,0.1642,0.2098,4,48.5,9.0,0.6429,0.6888,0.0086,0.0096,2.1655,0.7092
2025-01-15,NVDA,821.85,827.54,817.44,825.63,47439767,0.6383,0.6383,0.0098,0.4402,0.6098,0.1695,0.221,4,57.5,10.5,0.6627,0.6429,-0.0123,0.0109,0.0902,0.6985
2025-01-16,NVDA,831.39,836.54,827.97,830.54,21090336,0.7445,0.7445,0.0587,0.5485,0.6648,0.1162,0.219,4,46.75,8.0,0.6383,0.6627,0.0059,0.0091,-0.5554,0.6915
2025-01-17,NVDA,840.87,848.3,838.17,843.41,11966433,0.7267,0.7266,0.0465,0.5448,0.678,0.1332,0.1888,4,50.25,8.75,0.7445,0.6383,0.0154,0.0092,-0.4326,0.6886
2025-01-18,NVDA,831.51,837.76,827.49,832.05,43631402,0.787,0.787,0.0581,0.5665,0.6832,0.1165,0.2007,4,55.0,9.75,0.7266,0.7445,-0.0136,0.0117,2.6461,0.6987
2025-01-19,NVDA,822.21,823.96,817.6,820.9,12895055,0.6954,0.6954,0.0499,0.4985,0.6398,0.1412,0.219,4,58.5,10.5,0.787,0.7266,-0.0135,0.0132,-0.7045,0.6996
2025-01-20,NVDA,835.34,842.25,829.39,832.58,49420965,0.6794,0.6794,0.0593,0.5066,0.6365,0.13,0.2332,4,54.75,9.5,0.6954,0.787,0.0141,0.0133,2.8326,0.7048
2025-01-21,NVDA,830.12,834.47,824.5,834.43,46122026,0.681,0.681,0.0645,0.514,0.6518,0.138,0.2098,4,55.5,10.5,0.6794,0.6954,0.0022,0.0129,-0.0668,0.7075
2025-01-22,NVDA,829.91,833.07,818.97,825.91,31695462,0.6877,0.6877,0.0356,0.5451,0.6647,0.1195,0.216,4,58.0,10.0,0.681,0.6794,-0.0103,0.0126,-0.3128,0.7145
2025-01-23,NVDA,830.65,830.66,821.06,827.09,13502982,0.6403,0.6403,0.0523,0.4782,0.6512,0.173,0.1758,4,53.75,9.5,0.6877,0.681,0.0014,0.0123,-0.574,0.6996
2025-01-24,NVDA,826.78,832.47,821.8,830.91,13147943,0.6679,0.6679,0.0535,0.5134,0.6492,0.136,0.2145,4,60.25,10.25,0.6403,0.6877,0.0046,0.0105,-0.0263,0.6912
2025-01-25,NVDA,837.35,842.87,831.73,833.99,28535640,0.6903,0.6903,0.02,0.519,0.6588,0.1398,0.2015,4,55.75,10.75,0.6679,0.6403,0.0037,0.0094,1.1704,0.6774
2025-01-26,NVDA,840.28,845.87,834.7,836.98,36494874,0.6818,0.6818,0.0689,0.4754,0.6178,0.1422,0.2402,4,52.25,10.0,0.6903,0.6679,0.0036,0.0071,0.2789,0.6755
2025-01-27,NVDA,827.03,829.86,823.86,828.9,19888242,0.646,0.646,0.0476,0.4765,0.6182,0.1417,0.24,4,55.0,9.75,0.6818,0.6903,-0.0097,0.0065,-0.455,0.6707
2025-01-28,NVDA,837.96,844.59,828.86,835.57,17857652,0.6927,0.6927,0.0686,0.5051,0.6498,0.1445,0.206,4,52.25,10.0,0.646,0.6818,0.008,0.0072,-0.1021,0.6724
2025-01-29,NVDA,843.08,846.04,833.54,838.93,36376929,0.7225,0.7225,0.0434,0.522,0.6535,0.1315,0.215,4,55.5,10.5,0.6927,0.646,0.004,0.0056,1.037,0.6774
2025-01-30,NVDA,844.77,847.64,841.79,842.57,38760912,0.7532,0.7532,0.0435,0.5414,0.6562,0.115,0.2285,4,46.75,8.0,0.7225,0.6927,0.0043,0.0057,0.0655,0.6935
2025-01-31,NVDA,841.06,845.06,838.6,843.17,23368613,0.7035,0.7035,0.0629,0.4971,0.6607,0.1638,0.1752,4,59.25,10.25,0.7532,0.7225,0.0007,0.0056,-0.3971,0.6986
2025-02-01,NVDA,833.27,839.28,824.96,831.68,30728732,0.6783,0.6783,0.0394,0.5072,0.6388,0.1318,0.229,4,56.0,11.0,0.7035,0.7532,-0.0137,0.0081,0.315,0.6969
2025-02-02,NVDA,835.75,842.33,830.97,831.07,47790003,0.6634,0.6634,0.0356,0.4932,0.6398,0.1465,0.2138,4,58.5,10.5,0.6783,0.7035,-0.0007,0.0079,0.5552,0.6942
2025-02-03,NVDA,832.88,839.79,831.12,831.3,33256995,0.7035,0.7034,0.0623,0.499,0.6272,0.1282,0.2445,4,49.25,8.75,0.6634,0.6783,0.0003,0.0069,-0.3041,0.7024
2025-02-04,NVDA,835.83,839.05,828.13,833.02,39085247,0.7504,0.7504,0.0442,0.5325,0.643,0.1105,0.2465,4,48.5,9.0,0.7034,0.6634,0.0021,0.0062,0.1752,0.7107
2025-02-05,NVDA,816.74,822.26,815.01,821.04,20538937,0.7443,0.7443,0.0495,0.5502,0.6765,0.1262,0.1972,4,56.75,10.75,0.7504,0.7034,-0.0145,0.0077,-0.4745,0.7138
2025-02-06,NVDA,813.81,821.0,807.85,810.15,14612043,0.6945,0.6945,0.0291,0.4855,0.6315,0.146,0.2225,4,56.5,10.5,0.7443,0.7504,-0.0134,0.0078,-0.2886,0.7054
2025-02-07,NVDA,798.97,807.24,797.12,801.08,10836380,0.725,0.725,0.0169,0.4575,0.6148,0.157,0.2288,4,58.25,10.25,0.6945,0.7443,-0.0113,0.0075,-0.2584,0.7085
2025-02-08,NVDA,799.14,799.88,791.82,794.91,19196734,0.7514,0.7514,0.0461,0.5754,0.678,0.1028,0.219,4,57.5,10.5,0.725,0.6945,-0.0077,0.0069,0.7715,0.7189
2025-02-09,NVDA,798.12,804.86,789.28,795.77,32672244,0.7277,0.7277,0.047,0.5164,0.6645,0.148,0.1878,4,53.75,10.75,0.7514,0.725,0.0011,0.0072,0.702,0.7281
2025-02-10,NVDA,793.9,796.84,787.58,792.77,28065559,0.6719,0.6719,0.0498,0.5155,0.6542,0.1385,0.2078,4,52.75,9.5,0.7277,0.7514,-0.0038,0.0067,-0.141,0.7236
2025-02-11,NVDA,797.46,804.15,793.41,801.73,13802261,0.6945,0.6945,0.0416,0.5382,0.666,0.1278,0.2062,4,52.75,10.75,0.6719,0.7277,0.0112,0.0092,-0.5082,0.7156
2025-02-12,NVDA,795.84,797.32,788.74,795.01,16331450,0.7313,0.7313,0.0596,0.5344,0.6498,0.1155,0.2345,4,53.75,9.5,0.6945,0.6719,-0.0084,0.0085,0.1832,0.7138
2025-02-13,NVDA,793.42,799.38,790.68,794.43,44763962,0.7733,0.7733,0.0295,0.5349,0.666,0.1312,0.2025,4,57.5,10.5,0.7313,0.6945,-0.0007,0.0076,1.741,0.725
2025-02-14,NVDA,797.11,797.59,793.2,796.53,42829433,0.7761,0.7761,0.0541,0.5672,0.6862,0.1192,0.1942,4,54.75,9.5,0.7733,0.7313,0.0026,0.0068,-0.0432,0.7323
2025-02-15,NVDA,796.55,803.3,795.7,799.74,10545593,0.8173,0.8173,0.0421,0.5948,0.6775,0.0827,0.2398,4,51.0,8.5,0.7761,0.7733,0.004,0.0062,-0.7538,0.7417
2025-02-16,NVDA,793.61,801.16,791.49,795.5,29826156,0.832,0.832,0.0415,0.6041,0.7025,0.0982,0.1995,4,54.5,10.5,0.8173,0.7761,-0.0053,0.0066,1.8283,0.7566
2025-02-17,NVDA,794.94,796.59,793.12,794.09,17867542,0.7469,0.7468,0.0537,0.5407,0.6535,0.1128,0.2338,4,48.25,8.75,0.832,0.8173,-0.0018,0.0065,-0.4009,0.7673
2025-02-18,NVDA,786.81,786.87,779.54,783.97,22655016,0.7983,0.7982,0.0622,0.5841,0.696,0.1118,0.1925,4,56.75,10.75,0.7468,0.832,-0.0128,0.006,0.2679,0.7821
2025-02-19,NVDA,798.49,800.97,793.01,795.57,10338059,0.8225,0.8224,0.0526,0.5798,0.6885,0.1085,0.2032,4,52.75,9.5,0.7982,0.7468,0.0147,0.0085,-0.5437,0.7952
2025-02-20,NVDA,808.66,815.46,797.68,804.14,31420876,0.8634,0.8634,0.0378,0.6045,0.6955,0.091,0.2135,4,46.5,9.0,0.8224,0.7982,0.0107,0.0094,2.0393,0.808
2025-02-21,NVDA,804.18,808.48,799.49,805.67,11790735,0.82,0.82,0.0599,0.5678,0.6742,0.1065,0.2192,4,53.75,9.5,0.8634,0.8224,0.0019,0.0094,-0.6247,0.8143
2025-02-22,NVDA,795.78,799.71,789.01,795.37,14186425,0.8604,0.8604,0.0728,0.6056,0.6962,0.0905,0.2135,4,50.0,9.75,0.82,0.8634,-0.0129,0.0107,0.2032,0.8205
2025-02-23,NVDA,806.35,809.2,801.26,803.55,26006210,0.8076,0.8076,0.0484,0.5954,0.7075,0.112,0.1808,4,56.0,11.0,0.8604,0.82,0.0102,0.0112,0.8332,0.817
2025-02-24,NVDA,795.58,801.35,792.42,795.61,29624543,0.8611,0.8611,0.01,0.6062,0.7028,0.0968,0.2002,4,58.5,10.5,0.8076,0.8604,-0.0099,0.012,0.1391,0.8333
2025-02-25,NVDA,802.42,807.96,800.55,804.41,45397069,0.8543,0.8544,0.0459,0.6134,0.6935,0.0802,0.226,4,51.0,8.5,0.8611,0.8076,0.011,0.011,0.5324,0.8413
2025-02-26,NVDA,809.45,811.4,800.92,806.75,11765822,0.8103,0.8103,0.0148,0.5906,0.6758,0.085,0.2395,4,54.25,10.0,0.8544,0.8611,0.0029,0.0099,-0.7408,0.8396
2025-02-27,NVDA,822.77,828.64,816.23,819.14,29688647,0.8742,0.8742,0.0503,0.5796,0.6862,0.1068,0.2068,4,54.5,9.25,0.8103,0.8544,0.0152,0.0107,1.5233,0.8411
2025-02-28,NVDA,829.86,833.87,828.62,828.99,10093898,0.941,0.941,0.0498,0.6575,0.7358,0.0782,0.186,4,56.5,10.5,0.8742,0.8103,0.012,0.0112,-0.66,0.8584
2025-03-01,NVDA,821.36,824.04,820.52,823.14,26438424,0.8448,0.8448,0.0423,0.5823,0.6748,0.0922,0.2332,4,50.5,9.0,0.941,0.8742,-0.0071,0.0099,1.6192,0.8562
2025-01-01,SENSEX,73275.45,73482.82,73256.32,73449.19,7635592247,0.1686,0.1686,0.0511,0.1718,0.465,0.2932,0.2415,4,48.5,7.5,,,,,,0.1686
2025-01-02,SENSEX,73239.29,73378.97,73136.0,73292.16,5786338916,0.1867,0.1867,0.0235,0.1448,0.453,0.3083,0.2388,4,48.0,7.5,0.1686,,-0.0021,,-0.2422,0.1776
2025-01-03,SENSEX,73203.07,73392.84,73036.96,73171.71,7830695651,0.2277,0.2277,0.0383,0.226,0.4992,0.2732,0.2275,4,50.25,7.25,0.1867,0.1686,-0.0016,0.0004,0.3533,0.1943
2025-01-04,SENSEX,72785.94,72940.1,72544.82,72787.01,5147475570,0.2735,0.2735,0.0512,0.2333,0.4765,0.2432,0.28,4,51.5,7.0,0.2277,0.1867,-0.0053,0.002,-0.3427,0.2141
2025-01-05,SENSEX,72744.99,72932.14,72515.11,72868.68,5057130227,0.3104,0.3104,0.0593,0.2932,0.521,0.2278,0.2513,4,46.5,7.5,0.2735,0.2277,0.0011,0.0026,-0.0176,0.2334
2025-01-06,SENSEX,72937.48,73262.35,72821.96,73089.43,5134643049,0.2743,0.2743,0.049,0.189,0.4685,0.2795,0.252,4,48.25,7.25,0.3104,0.2735,0.003,0.0032,0.0153,0.2402
2025-01-07,SENSEX,73485.92,73493.59,73292.97,73475.44,6445511760,0.3059,0.306,0.0242,0.2564,0.5055,0.249,0.2458,4,50.0,7.5,0.2743,0.3104,0.0053,0.0038,0.2553,0.2496
2025-01-08,SENSEX,73262.2,73279.19,73010.6,73161.86,6866088437,0.2163,0.2163,0.0487,0.206,0.466,0.26,0.274,4,46.5,7.5,0.306,0.2743,-0.0043,0.0039,0.0653,0.2564
2025-01-09,SENSEX,73073.07,73411.3,72910.88,73184.46,5038269439,0.2316,0.2316,0.0469,0.2035,0.4708,0.2672,0.262,4,48.5,7.5,0.2163,0.306,0.0003,0.0038,-0.2662,0.2628
2025-01-10,SENSEX,73402.36,73551.75,73202.03,73373.48,6050709842,0.2595,0.2595,0.0738,0.246,0.4992,0.2532,0.2472,4,46.5,7.5,0.2316,0.2163,0.0026,0.0039,0.201,0.2674
2025-01-11,SENSEX,73887.93,74066.24,73757.18,73758.34,7773953316,0.2501,0.2501,0.0427,0.2155,0.4905,0.275,0.2345,4,47.25,7.25,0.2595,0.2316,0.0052,0.0033,0.2848,0.264
2025-01-12,SENSEX,73575.86,73663.89,73334.31,73433.07,5642900216,0.1948,0.1948,0.0498,0.1718,0.4618,0.29,0.2483,4,50.0,7.5,0.2501,0.2595,-0.0044,0.0041,-0.2741,0.2475
2025-01-13,SENSEX,73545.85,73554.9,73441.09,73525.7,7431298740,0.2079,0.2079,0.0711,0.1735,0.4558,0.2822,0.2622,4,47.25,7.25,0.1948,0.2501,0.0013,0.004,0.3169,0.238
2025-01-14,SENSEX,73631.16,73895.97,73548.64,73710.72,5298991766,0.1608,0.1608,0.0653,0.1516,0.4705,0.319,0.2102,4,50.0,8.0,0.2079,0.1948,0.0025,0.0036,-0.2869,0.2173
2025-01-15,SENSEX,73410.05,73786.68,73279.33,73527.15,5029101064,0.0829,0.0829,0.043,0.0892,0.406,0.3168,0.2772,4,50.5,8.75,0.1608,0.2079,-0.0025,0.0033,-0.0509,0.1982
2025-01-16,SENSEX,73289.74,73442.27,73207.4,73227.2,7830071896,0.1563,0.1563,0.0196,0.1465,0.4402,0.2938,0.266,4,51.5,7.0,0.0829,0.1608,-0.0041,0.0037,0.557,0.1875
2025-01-17,SENSEX,72981.4,73331.7,72782.53,73126.22,6820158739,0.0338,0.0338,0.0525,0.0932,0.4018,0.3085,0.2895,4,50.0,9.0,0.1563,0.0829,-0.0014,0.0036,-0.129,0.1552
2025-01-18,SENSEX,73206.49,73420.83,73060.46,73255.02,7959242055,0.0363,0.0363,0.0483,0.077,0.4215,0.3445,0.234,4,48.0,8.0,0.0338,0.1563,0.0018,0.0028,0.167,0.1247
2025-01-19,SENSEX,73379.12,73707.58,73322.08,73476.8,5251412477,0.0316,0.0316,0.0618,0.042,0.3992,0.3572,0.2438,4,48.75,7.75,0.0363,0.0338,0.003,0.0027,-0.3402,0.1014
2025-01-20,SENSEX,73474.38,73698.69,73356.99,73479.35,6712559076,-0.014,-0.014,0.0268,0.051,0.42,0.369,0.2112,4,49.0,7.0,0.0316,0.0363,0.0,0.0027,0.2782,0.0697
2025-01-21,SENSEX,73683.82,73846.65,73301.69,73520.85,5472501644,-0.0242,-0.0242,0.0329,0.0445,0.4078,0.3632,0.229,4,50.25,8.25,-0.014,0.0316,0.0006,0.0025,-0.1847,0.0432
2025-01-22,SENSEX,73588.64,73665.24,73555.92,73621.72,7940155828,-0.0027,-0.0027,0.0203,0.0488,0.3898,0.341,0.2692,4,50.5,9.0,-0.0242,-0.014,0.0014,0.0023,0.4509,0.031
2025-01-23,SENSEX,73641.72,73687.08,73368.73,73545.49,6828335891,0.039,0.039,0.0445,0.0982,0.4215,0.3233,0.2552,4,48.25,8.5,-0.0027,-0.0242,-0.001,0.0016,-0.14,0.0143
2025-01-24,SENSEX,73835.56,74072.6,73586.56,73689.83,5940108219,0.0355,0.0354,0.0175,0.0792,0.4218,0.3425,0.236,4,49.0,8.25,0.039,-0.0027,0.002,0.0013,-0.1301,0.0145
2025-01-25,SENSEX,73713.11,73942.15,73427.76,73674.23,5910359649,-0.0273,-0.0273,0.0497,-0.016,0.3688,0.3848,0.2465,4,47.5,8.0,0.0354,0.039,-0.0002,0.0014,-0.005,0.0054
2025-01-26,SENSEX,73913.64,74261.67,73848.16,74013.66,6730877450,-0.0874,-0.0874,0.0376,0.0,0.3618,0.3618,0.277,4,48.5,8.75,-0.0273,0.0354,0.0046,0.0019,0.1388,-0.0116
2025-01-27,SENSEX,73716.32,73832.6,73566.2,73831.18,6017610293,-0.0358,-0.0358,0.0295,0.0278,0.3815,0.3538,0.2648,4,49.25,8.75,-0.0874,-0.0273,-0.0025,0.0023,-0.106,-0.0147
2025-01-28,SENSEX,73640.54,73917.69,73478.93,73691.8,7559518935,-0.064,-0.064,0.0229,0.0025,0.386,0.3835,0.2308,4,46.5,8.5,-0.0358,-0.0874,-0.0019,0.0025,0.2562,-0.0204
2025-01-29,SENSEX,73494.44,73620.53,73491.36,73501.32,6670436429,-0.0525,-0.0526,0.033,0.0308,0.378,0.3472,0.275,4,49.5,9.5,-0.064,-0.0358,-0.0026,0.0026,-0.1176,-0.0275
2025-01-30,SENSEX,73628.93,73856.68,73477.42,73661.43,5200250764,-0.0643,-0.0643,0.0401,0.0102,0.373,0.3628,0.2642,4,51.25,9.0,-0.0526,-0.064,0.0022,0.0028,-0.2204,-0.0423
2025-01-31,SENSEX,73306.11,73412.67,73285.08,73340.07,6288808230,-0.0791,-0.0791,0.0673,-0.0107,0.3622,0.373,0.265,4,51.5,8.75,-0.0643,-0.0526,-0.0044,0.0031,0.2093,-0.0586
2025-02-01,SENSEX,73465.82,73656.2,73235.36,73405.48,5998455083,-0.1749,-0.1749,0.0112,-0.0885,0.318,0.4065,0.2752,4,51.5,7.75,-0.0791,-0.0643,0.0009,0.0032,-0.0462,-0.0797
2025-02-02,SENSEX,73595.05,73816.62,73448.32,73647.61,5034169004,-0.0936,-0.0936,0.0124,-0.0128,0.3525,0.3652,0.2822,4,51.25,8.75,-0.1749,-0.0791,0.0033,0.0028,-0.1608,-0.0806
2025-02-03,SENSEX,73882.88,74133.44,73621.51,73838.95,6763083408,0.0022,0.0022,0.0479,0.0275,0.3998,0.3722,0.2282,4,48.0,9.0,-0.0936,-0.1749,0.0026,0.003,0.3434,-0.0752
2025-02-04,SENSEX,73741.81,73832.04,73510.75,73637.09,5888196530,-0.068,-0.068,0.0495,-0.0115,0.3698,0.3812,0.2492,4,51.75,7.75,0.0022,-0.0936,-0.0027,0.0031,-0.1294,-0.0758
2025-02-05,SENSEX,73786.29,74045.58,73639.34,73667.96,7795832418,-0.0422,-0.0422,0.0292,0.0215,0.3868,0.3652,0.2473,4,49.75,9.0,-0.068,0.0022,0.0004,0.0029,0.324,-0.0743
2025-02-06,SENSEX,74042.24,74244.5,73926.0,74051.25,6890103732,-0.0747,-0.0747,0.0534,-0.0175,0.361,0.3785,0.2602,4,44.25,7.0,-0.0422,-0.068,0.0052,0.0034,-0.1162,-0.0758
2025-02-07,SENSEX,73997.92,74151.81,73794.79,73927.36,6738609107,-0.1193,-0.1193,0.0551,-0.0098,0.3448,0.3545,0.3007,4,52.5,8.25,-0.0747,-0.0422,-0.0017,0.0028,-0.022,-0.0815
2025-02-08,SENSEX,73802.94,73825.22,73741.96,73755.84,5760371389,-0.0915,-0.0915,0.0216,0.0102,0.3898,0.3795,0.2308,4,48.5,8.75,-0.1193,-0.0747,-0.0023,0.0031,-0.1452,-0.0696
2025-02-09,SENSEX,73536.31,73751.11,73386.45,73396.72,6976828381,-0.149,-0.149,0.0658,-0.0488,0.3532,0.402,0.2448,4,52.0,8.5,-0.0915,-0.1193,-0.0049,0.0035,0.2112,-0.0775
2025-02-10,SENSEX,73083.44,73341.84,73002.9,73214.01,6552916807,-0.1152,-0.1152,0.0428,-0.023,0.3622,0.3852,0.2525,4,45.75,7.5,-0.149,-0.0915,-0.0025,0.0032,-0.0608,-0.0943
2025-02-11,SENSEX,73105.3,73158.02,72842.83,73127.87,6276667633,-0.1464,-0.1464,0.032,-0.0205,0.3418,0.3622,0.296,4,48.5,8.0,-0.1152,-0.149,-0.0012,0.0032,-0.0422,-0.1055
2025-02-12,SENSEX,72938.57,73107.89,72719.55,73012.24,6362812173,-0.102,-0.102,0.0311,-0.0065,0.3578,0.3642,0.278,4,48.75,7.5,-0.1464,-0.1152,-0.0016,0.0031,0.0137,-0.114
2025-02-13,SENSEX,73360.1,73583.14,73028.19,73222.13,5635150335,-0.0974,-0.0974,0.0357,-0.0162,0.3758,0.392,0.2325,4,49.25,8.25,-0.102,-0.1464,0.0029,0.0023,-0.1144,-0.1173
2025-02-14,SENSEX,72992.34,73248.6,72860.6,72928.03,6368381626,-0.1367,-0.1367,0.0629,-0.0642,0.344,0.4082,0.2478,4,48.5,8.0,-0.0974,-0.102,-0.004,0.0025,0.1301,-0.1197
2025-02-15,SENSEX,72570.02,72719.2,72285.36,72534.24,6550208134,-0.1539,-0.1539,0.0057,-0.0542,0.3365,0.3908,0.2725,4,51.0,8.0,-0.1367,-0.0974,-0.0054,0.0028,0.0286,-0.1287
2025-02-16,SENSEX,72812.93,72840.09,72730.34,72829.4,6726648523,-0.0928,-0.0928,0.0435,0.0472,0.407,0.3598,0.233,4,48.25,7.25,-0.1539,-0.1367,0.0041,0.0035,0.0269,-0.1206
2025-02-17,SENSEX,73114.43,73300.89,73056.39,73240.68,5603518901,-0.1593,-0.1593,0.0305,-0.0982,0.326,0.4242,0.2498,4,50.5,7.25,-0.0928,-0.1539,0.0056,0.0042,-0.167,-0.1269
2025-02-18,SENSEX,73504.95,73834.99,73400.85,73629.59,6513142112,-0.09,-0.09,0.0277,0.0112,0.3875,0.3762,0.2368,4,50.0,8.0,-0.1593,-0.0928,0.0053,0.0046,0.1623,-0.1189
2025-02-19,SENSEX,73702.89,73836.73,73607.67,73615.75,5395431120,-0.1116,-0.1116,0.0147,-0.0195,0.361,0.3805,0.2585,4,49.75,8.75,-0.09,-0.1593,-0.0002,0.0045,-0.1716,-0.1202
2025-02-20,SENSEX,73885.56,74087.54,73747.84,73974.93,6109996657,-0.0591,-0.0591,0.0455,0.0652,0.4015,0.3362,0.2625,4,47.25,7.75,-0.1116,-0.09,0.0049,0.0047,0.1324,-0.1148
2025-02-21,SENSEX,74105.2,74410.33,73912.16,74206.42,5613513016,-0.1068,-0.1068,0.0477,0.0083,0.3752,0.367,0.2572,4,50.75,7.5,-0.0591,-0.1116,0.0031,0.004,-0.0813,-0.1105
2025-02-22,SENSEX,74090.67,74178.89,73878.62,74079.95,5988060572,-0.1306,-0.1306,0.0281,-0.056,0.3532,0.4092,0.237,4,51.5,7.5,-0.1068,-0.0591,-0.0017,0.0029,0.0667,-0.1072
2025-02-23,SENSEX,73811.88,74072.14,73716.14,73776.13,6836475976,-0.2064,-0.2064,0.0378,-0.1128,0.3127,0.4255,0.2615,4,50.0,7.5,-0.1306,-0.1068,-0.0041,0.0039,0.1417,-0.1234
2025-02-24,SENSEX,73886.33,74015.83,73548.11,73734.5,6539659927,-0.2269,-0.2269,0.0655,-0.0982,0.329,0.4272,0.2438,4,53.25,7.75,-0.2064,-0.1306,-0.0006,0.0035,-0.0434,-0.1331
2025-02-25,SENSEX,74156.49,74179.49,73831.66,74081.44,6134589048,-0.2172,-0.2172,0.0654,-0.097,0.322,0.419,0.259,4,49.75,7.75,-0.2269,-0.2064,0.0047,0.0034,-0.0619,-0.1512
2025-02-26,SENSEX,74063.19,74253.73,73871.97,74167.14,5406256549,-0.2656,-0.2656,0.0235,-0.1078,0.2925,0.4002,0.3073,4,51.5,7.75,-0.2172,-0.2269,0.0012,0.0034,-0.1187,-0.1732
2025-02-27,SENSEX,74125.39,74341.5,73939.88,73999.19,7152210666,-0.2812,-0.2812,0.059,-0.0967,0.3215,0.4182,0.2605,4,54.0,7.25,-0.2656,-0.2172,-0.0023,0.0031,0.323,-0.205
2025-02-28,SENSEX,74400.67,74555.25,74277.17,74410.59,5977670430,-0.3201,-0.3201,0.0522,-0.1882,0.2728,0.461,0.2662,4,51.75,8.0,-0.2812,-0.2656,0.0055,0.0036,-0.1642,-0.2354
2025-03-01,SENSEX,74369.99,74670.82,74118.8,74406.71,7586458874,-0.2729,-0.2729,0.032,-0.1395,0.2928,0.4322,0.2748,4,49.75,7.75,-0.3201,-0.2812,-0.0001,0.0035,0.2691,-0.2558
2025-01-01,SP500,4977.16,4989.92,4958.96,4976.33,6178852294,0.3382,0.3382,0.0492,0.2753,0.5115,0.2362,0.252,4,48.5,7.5,,,,,,0.3382
2025-01-02,SP500,5009.69,5021.43,4993.64,5007.5,7851776039,0.3699,0.3699,0.0593,0.293,0.5337,0.2408,0.2255,4,49.75,7.75,0.3382,,0.0062,,0.2707,0.354
2025-01-03,SP500,4985.79,5002.32,4980.56,4992.18,7329820519,0.3141,0.3141,0.0386,0.2625,0.528,0.2655,0.2065,4,48.75,7.25,0.3699,0.3382,-0.0031,0.0066,-0.0665,0.3407
2025-01-04,SP500,4992.69,5003.16,4983.31,4996.87,6852062752,0.3422,0.3422,0.0037,0.2527,0.4902,0.2375,0.2725,4,48.0,7.5,0.3141,0.3699,0.0009,0.0047,-0.0652,0.3411
2025-01-05,SP500,4999.82,5018.54,4982.03,4991.99,7201761110,0.4194,0.4194,0.0123,0.3272,0.5512,0.224,0.225,4,48.75,7.25,0.3422,0.3141,-0.001,0.004,0.051,0.3568
2025-01-06,SP500,4991.28,4999.2,4979.56,4987.52,6632540347,0.3204,0.3204,0.0449,0.2573,0.5012,0.244,0.2545,4,46.5,7.5,0.4194,0.3422,-0.0009,0.0035,-0.079,0.3507
2025-01-07,SP500,4991.71,4994.33,4981.98,4991.64,5507311701,0.3214,0.3214,0.0545,0.2489,0.4922,0.2432,0.2648,4,48.75,7.25,0.3204,0.4194,0.0008,0.0032,-0.1697,0.3465
2025-01-08,SP500,4957.5,4980.4,4944.72,4968.68,6205381011,0.3579,0.3579,0.0526,0.2684,0.516,0.2475,0.2368,4,50.75,7.25,0.3214,0.3204,-0.0046,0.0035,0.1268,0.3493
2025-01-09,SP500,4992.81,5011.38,4985.63,4996.39,7880035642,0.3555,0.3555,0.0656,0.2712,0.5397,0.2685,0.1918,4,50.25,7.25,0.3579,0.3214,0.0056,0.0033,0.2699,0.3473
2025-01-10,SP500,5009.26,5021.87,5003.96,5018.5,5856879799,0.4385,0.4385,0.0393,0.3461,0.56,0.2138,0.2268,4,48.75,7.25,0.3555,0.3579,0.0044,0.0034,-0.2567,0.365
2025-01-11,SP500,4995.61,5005.48,4994.12,5004.86,5821744611,0.4013,0.4013,0.0293,0.2948,0.5285,0.2338,0.2375,4,46.5,7.5,0.4385,0.3555,-0.0027,0.0037,-0.006,0.3735
2025-01-12,SP500,4993.58,5009.1,4975.68,4986.63,5017311983,0.3966,0.3966,0.0632,0.2868,0.5422,0.2555,0.2022,4,50.0,7.5,0.4013,0.4385,-0.0036,0.004,-0.1382,0.3702
2025-01-13,SP500,4985.73,4987.94,4970.2,4983.34,7106291565,0.4535,0.4535,0.0456,0.3312,0.5552,0.224,0.2208,4,47.75,7.5,0.3966,0.4013,-0.0007,0.0039,0.4164,0.3892
2025-01-14,SP500,4993.01,4998.95,4974.41,4998.95,7442626301,0.406,0.406,0.0531,0.3412,0.5468,0.2055,0.248,4,48.75,7.25,0.4535,0.3966,0.0031,0.0041,0.0473,0.4013
2025-01-15,SP500,5039.16,5057.47,5010.63,5026.5,7511657428,0.3685,0.3685,0.0375,0.3075,0.5395,0.232,0.2285,4,50.0,7.5,0.406,0.4535,0.0055,0.0039,0.0093,0.4028
2025-01-16,SP500,4995.02,5019.95,4981.79,5001.23,6711684213,0.3935,0.3935,0.0139,0.3006,0.546,0.2453,0.2092,4,46.5,7.5,0.3685,0.406,-0.005,0.0042,-0.1065,0.4083
2025-01-17,SP500,5032.99,5044.75,5022.15,5031.5,7798538664,0.3096,0.3096,0.0538,0.2581,0.5062,0.2482,0.2452,4,47.75,7.75,0.3935,0.3685,0.006,0.0045,0.1619,0.3899
2025-01-18,SP500,5005.05,5018.49,4989.59,5005.08,6749055942,0.3027,0.3027,0.0641,0.2507,0.507,0.2562,0.237,4,49.25,7.75,0.3096,0.3935,-0.0053,0.0049,-0.1346,0.3758
2025-01-19,SP500,5021.42,5034.25,5013.52,5032.99,5070377065,0.3567,0.3567,0.0573,0.2751,0.514,0.239,0.2468,4,48.75,7.25,0.3027,0.3096,0.0056,0.005,-0.2487,0.3701
2025-01-20,SP500,5022.18,5040.98,5005.6,5023.14,5382499180,0.3108,0.3108,0.0435,0.26,0.5028,0.2428,0.2545,4,50.0,7.5,0.3567,0.3027,-0.002,0.0051,0.0616,0.3497
2025-01-21,SP500,4995.55,5008.24,4990.36,4997.87,7698359253,0.2181,0.218,0.0537,0.1928,0.4752,0.2825,0.242,4,48.0,7.5,0.3108,0.3567,-0.005,0.0055,0.4303,0.3228
2025-01-22,SP500,5029.49,5046.94,5019.41,5026.94,7210450495,0.2767,0.2767,0.0515,0.2011,0.483,0.282,0.2345,4,49.75,7.75,0.218,0.3108,0.0058,0.0055,-0.0634,0.3097
2025-01-23,SP500,5036.54,5054.73,5017.77,5026.67,7203461120,0.2899,0.2899,0.0498,0.2763,0.5295,0.2532,0.217,4,49.0,8.0,0.2767,0.218,-0.0001,0.0051,-0.001,0.2949
2025-01-24,SP500,5031.86,5033.83,5009.59,5019.3,7069893071,0.2458,0.2458,0.0586,0.206,0.499,0.293,0.208,4,45.25,7.25,0.2899,0.2767,-0.0015,0.0045,-0.0185,0.2858
2025-01-25,SP500,5004.73,5023.47,4990.98,5009.82,6477565562,0.2197,0.2197,0.034,0.1763,0.4505,0.2742,0.275,4,51.25,7.25,0.2458,0.2899,-0.0019,0.0041,-0.0838,0.2739
2025-01-26,SP500,5038.42,5047.27,5034.22,5038.14,5922965262,0.2714,0.2714,0.0603,0.2016,0.4985,0.297,0.2042,4,50.0,7.5,0.2197,0.2458,0.0056,0.0041,-0.0856,0.2618
2025-01-27,SP500,5005.99,5014.33,5000.05,5009.47,7312443564,0.2837,0.2836,0.0384,0.2402,0.496,0.2558,0.2485,4,50.0,7.5,0.2714,0.2197,-0.0057,0.0046,0.2346,0.2579
2025-01-28,SP500,5006.22,5009.52,4984.41,4999.52,5389118773,0.3859,0.3859,0.0633,0.2852,0.5252,0.24,0.235,4,50.75,7.25,0.2836,0.2714,-0.002,0.0042,-0.263,0.2819
2025-01-29,SP500,4997.63,5011.21,4985.29,4997.81,7432162018,0.3365,0.3365,0.0329,0.274,0.5325,0.2585,0.209,4,47.0,7.0,0.3859,0.2836,-0.0003,0.0034,0.3791,0.2904
2025-01-30,SP500,4974.79,4980.22,4966.7,4969.53,5867534761,0.3403,0.3404,0.0507,0.2748,0.5012,0.2265,0.2722,4,48.5,7.5,0.3365,0.3859,-0.0057,0.0038,-0.2105,0.2976
2025-01-31,SP500,4957.97,4971.36,4950.6,4958.53,7158410693,0.2787,0.2788,0.0624,0.2447,0.5012,0.2565,0.2425,4,49.5,7.5,0.3404,0.3365,-0.0022,0.0038,0.22,0.3023
2025-02-01,SP500,4954.66,4965.11,4948.8,4949.26,5239367370,0.2759,0.2759,0.0515,0.2218,0.4942,0.2725,0.2332,4,49.25,7.25,0.2788,0.3404,-0.0019,0.0038,-0.2681,0.3104
2025-02-02,SP500,4933.88,4959.19,4932.18,4945.27,7538954038,0.3377,0.3377,0.0522,0.2775,0.5298,0.2522,0.218,4,48.5,7.5,0.2759,0.2788,-0.0008,0.0022,0.4389,0.3198
2025-02-03,SP500,4958.63,4977.36,4950.81,4961.49,5664503152,0.3288,0.3288,0.0492,0.2585,0.5155,0.257,0.2275,4,50.75,7.25,0.3377,0.2759,0.0033,0.0027,-0.2486,0.3263
2025-02-04,SP500,4962.3,4973.98,4951.36,4963.56,7846114754,0.2579,0.2579,0.036,0.2026,0.4825,0.28,0.2372,4,51.25,7.25,0.3288,0.3377,0.0004,0.0027,0.3851,0.308
2025-02-05,SP500,4981.06,5006.41,4962.7,4990.81,5295483925,0.2386,0.2386,0.054,0.2062,0.4888,0.2825,0.2288,4,44.0,7.0,0.2579,0.3288,0.0055,0.0037,-0.3251,0.294
2025-02-06,SP500,4977.0,4993.43,4967.06,4976.87,7244104218,0.2383,0.2383,0.0536,0.2222,0.4842,0.262,0.2538,4,47.5,7.0,0.2386,0.2579,-0.0028,0.0031,0.368,0.2794
2025-02-07,SP500,4961.18,4975.32,4951.62,4954.8,6054067803,0.17,0.17,0.0457,0.1883,0.4805,0.2922,0.2272,4,50.5,7.5,0.2383,0.2386,-0.0044,0.0035,-0.1643,0.2639
2025-02-08,SP500,4944.8,4958.45,4933.85,4940.94,6665789967,0.1802,0.1802,0.0318,0.1663,0.4735,0.3072,0.219,4,46.5,7.5,0.17,0.2383,-0.0028,0.0036,0.101,0.2502
2025-02-09,SP500,4908.73,4923.62,4896.29,4916.53,7176168804,0.0809,0.0808,0.0586,0.1237,0.4562,0.3325,0.2115,4,46.25,7.5,0.1802,0.17,-0.005,0.004,0.0766,0.2135
2025-02-10,SP500,4889.45,4911.02,4881.26,4899.25,5547005550,0.0794,0.0794,0.0706,0.1088,0.4322,0.3235,0.2442,4,48.75,8.5,0.0808,0.1802,-0.0035,0.0036,-0.227,0.1779
2025-02-11,SP500,4922.15,4932.69,4915.66,4928.69,7429022774,0.119,0.119,0.0494,0.1027,0.4292,0.3265,0.2445,4,45.0,7.25,0.0794,0.0808,0.006,0.0047,0.3393,0.158
2025-02-12,SP500,4935.68,4951.01,4921.87,4942.51,6159481168,0.0977,0.0977,0.0546,0.1115,0.4455,0.334,0.2208,4,49.75,7.5,0.119,0.0794,0.0028,0.0041,-0.1709,0.1379
2025-02-13,SP500,4921.84,4943.99,4915.87,4925.24,6382908776,0.0478,0.0478,0.0586,0.0687,0.4092,0.3405,0.2502,4,48.5,8.5,0.0977,0.119,-0.0035,0.0042,0.0363,0.1107
2025-02-14,SP500,4936.59,4953.9,4921.92,4937.66,5174891611,0.1124,0.1124,0.0454,0.1497,0.446,0.2962,0.258,4,48.25,8.0,0.0478,0.0977,0.0025,0.0042,-0.1893,0.1025
2025-02-15,SP500,4964.42,4987.69,4951.8,4970.94,7568855384,0.1366,0.1366,0.0543,0.1085,0.445,0.3365,0.2182,4,47.75,7.5,0.1124,0.0478,0.0067,0.0048,0.4626,0.0962
2025-02-16,SP500,4951.1,4968.01,4943.29,4947.18,5234726295,0.1844,0.1844,0.0537,0.1655,0.4568,0.2912,0.252,4,48.0,7.5,0.1366,0.1124,-0.0048,0.0048,-0.3084,0.111
2025-02-17,SP500,4958.33,4970.15,4941.78,4967.0,7060303386,0.1409,0.1408,0.067,0.1405,0.4372,0.2968,0.266,4,50.75,7.75,0.1844,0.1366,0.004,0.0045,0.3487,0.1198
2025-02-18,SP500,4961.06,4977.72,4957.3,4969.59,5854558029,0.1271,0.1271,0.0416,0.1483,0.441,0.2927,0.266,4,48.75,8.0,0.1408,0.1844,0.0005,0.0041,-0.1708,0.121
2025-02-19,SP500,4970.41,4986.84,4955.07,4971.22,6744099671,0.1287,0.1287,0.0476,0.1054,0.4342,0.3288,0.2372,4,46.5,7.25,0.1271,0.1408,0.0003,0.004,0.1519,0.1254
2025-02-20,SP500,4998.66,4999.63,4973.66,4990.66,5226663481,0.2082,0.2082,0.0643,0.1884,0.4732,0.2848,0.2425,4,48.5,7.5,0.1287,0.1271,0.0039,0.0037,-0.225,0.1483
2025-02-21,SP500,4970.47,4983.47,4953.47,4975.52,5893939383,0.2628,0.2628,0.0485,0.2278,0.4848,0.257,0.258,4,48.75,7.25,0.2082,0.1287,-0.003,0.0041,0.1277,0.1698
2025-02-22,SP500,4950.37,4961.52,4937.99,4945.24,6604618267,0.3014,0.3014,0.0387,0.2603,0.5122,0.252,0.2355,4,50.75,7.25,0.2628,0.2082,-0.0061,0.004,0.1206,0.1933
2025-02-23,SP500,4960.08,4975.9,4951.12,4970.74,6647432045,0.3323,0.3323,0.0552,0.2931,0.5062,0.2132,0.2802,4,48.0,7.5,0.3014,0.2628,0.0051,0.0041,0.0065,0.2145
2025-02-24,SP500,4988.08,5005.64,4973.9,5001.05,6134093186,0.2524,0.2524,0.0276,0.225,0.4915,0.2665,0.242,4,48.5,7.5,0.3323,0.3014,0.0061,0.0045,-0.0772,0.2304
2025-02-25,SP500,4983.05,4991.98,4960.9,4970.37,5067709089,0.2885,0.2885,0.0476,0.2822,0.514,0.2318,0.2542,4,48.75,7.25,0.2524,0.3323,-0.0062,0.0052,-0.1738,0.2535
2025-02-26,SP500,4989.08,4999.96,4977.89,4983.74,5501402944,0.2246,0.2246,0.0492,0.1728,0.4772,0.3045,0.218,4,48.75,7.25,0.2885,0.2524,0.0027,0.0053,0.0856,0.2672
2025-02-27,SP500,4985.95,4996.33,4975.16,4979.02,6525217929,0.2569,0.2569,0.0646,0.2187,0.4738,0.255,0.2715,4,48.25,7.25,0.2246,0.2885,-0.0009,0.0051,0.1861,0.2741
2025-02-28,SP500,4953.73,4972.72,4951.6,4958.14,6403407236,0.2734,0.2734,0.0511,0.2142,0.4738,0.2595,0.267,4,49.25,7.25,0.2569,0.2246,-0.0042,0.0052,-0.0187,0.2756
2025-03-01,SP500,4929.25,4936.86,4919.1,4931.77,6552383028,0.361,0.361,0.0364,0.2934,0.5428,0.2492,0.2082,4,49.75,7.75,0.2734,0.2569,-0.0053,0.0051,0.0233,0.2842
2025-01-01,TSLA,242.88,244.22,241.09,242.99,12720409,-0.1056,-0.1056,0.0297,-0.0232,0.3682,0.3915,0.2405,4,49.5,7.5,,,,,,-0.1056
2025-01-02,TSLA,241.52,243.38,240.08,240.56,32939670,-0.0675,-0.0675,0.0496,-0.0195,0.38,0.3995,0.2208,4,49.75,8.75,-0.1056,,-0.0101,,1.5895,-0.0866
2025-01-03,TSLA,237.12,240.69,235.82,238.33,24092355,0.0457,0.0457,0.0286,0.1235,0.43,0.3065,0.2632,4,49.75,9.75,-0.0675,-0.1056,-0.0093,0.0005,-0.2686,-0.0425
2025-01-04,TSLA,237.77,238.44,234.66,236.28,31344677,-0.031,-0.031,0.0331,-0.0032,0.367,0.3703,0.2625,4,51.0,8.25,0.0457,-0.0675,-0.0086,0.0007,0.301,-0.0396
2025-01-05,TSLA,240.47,242.22,238.89,240.12,30503048,-0.078,-0.078,0.0581,0.0,0.3688,0.3688,0.2628,4,53.25,7.5,-0.031,0.0457,0.0161,0.0127,-0.0269,-0.0473
2025-01-06,TSLA,238.49,239.67,236.57,238.34,47625599,-0.1211,-0.1211,0.0358,-0.0267,0.3578,0.3845,0.258,4,49.5,7.5,-0.078,-0.031,-0.0074,0.0112,0.5613,-0.0596
2025-01-07,TSLA,238.6,239.84,235.72,237.08,16737622,-0.0761,-0.0761,0.0526,0.0232,0.3812,0.358,0.2605,4,48.25,7.5,-0.1211,-0.078,-0.0053,0.01,-0.6486,-0.0619
2025-01-08,TSLA,237.78,241.79,237.28,239.41,45014529,-0.1241,-0.1241,0.053,-0.022,0.3408,0.3628,0.2965,4,52.5,8.0,-0.0761,-0.1211,0.0098,0.0106,1.6894,-0.0646
2025-01-09,TSLA,241.45,242.82,239.14,241.29,29205397,-0.076,-0.076,0.0591,0.0072,0.3715,0.3642,0.2642,4,50.0,8.0,-0.1241,-0.0761,0.0078,0.0105,-0.3512,-0.0658
2025-01-10,TSLA,240.41,241.87,239.91,240.39,46036309,-0.0684,-0.0684,0.0338,-0.0088,0.3615,0.3702,0.2682,4,47.75,8.75,-0.076,-0.1241,-0.0037,0.0098,0.5763,-0.0821
2025-01-11,TSLA,241.57,242.27,240.03,242.02,14838426,0.0158,0.0158,0.0499,0.0745,0.4132,0.3388,0.248,4,50.25,9.5,-0.0684,-0.076,0.0068,0.0089,-0.6777,-0.0754
2025-01-12,TSLA,238.53,239.63,237.05,238.62,13568886,0.0116,0.0116,0.0298,0.0542,0.3955,0.3412,0.2632,4,49.75,8.75,0.0158,-0.0684,-0.0141,0.0091,-0.0856,-0.0626
2025-01-13,TSLA,239.29,241.76,236.81,238.21,37497474,-0.0253,-0.0253,0.0625,0.0255,0.3858,0.3602,0.254,4,50.0,9.0,0.0116,0.0158,-0.0017,0.0086,1.7635,-0.0489
2025-01-14,TSLA,238.26,240.69,236.21,236.92,26952327,0.0111,0.0111,0.0277,0.0543,0.3842,0.33,0.2858,4,50.5,8.75,-0.0253,0.0116,-0.0054,0.0087,-0.2812,-0.0365
2025-01-15,TSLA,239.92,241.95,236.99,238.33,21128687,-0.0377,-0.0377,0.0277,0.0148,0.3732,0.3585,0.268,4,49.75,8.75,0.0111,-0.0253,0.0059,0.008,-0.2161,-0.0241
2025-01-16,TSLA,235.95,238.16,233.15,234.84,19996068,-0.0871,-0.0871,0.0372,-0.0385,0.3482,0.3868,0.265,4,50.25,9.5,-0.0377,0.0111,-0.0148,0.0086,-0.0536,-0.0257
2025-01-17,TSLA,230.81,232.82,229.83,231.43,24544457,-0.104,-0.104,0.0665,0.017,0.3828,0.3658,0.252,4,51.25,9.0,-0.0871,-0.0377,-0.0146,0.0095,0.2275,-0.0308
2025-01-18,TSLA,228.76,231.64,228.34,229.3,33884664,-0.0736,-0.0736,0.052,0.0258,0.3958,0.37,0.2342,4,44.25,7.0,-0.104,-0.0871,-0.0092,0.0078,0.3805,-0.0436
2025-01-19,TSLA,229.02,229.63,226.87,228.85,29410224,-0.0364,-0.0364,0.0505,-0.011,0.3775,0.3885,0.2342,4,50.0,7.0,-0.0736,-0.104,-0.002,0.0075,-0.132,-0.0504
2025-01-20,TSLA,229.99,230.43,229.15,229.36,38564765,-0.0496,-0.0496,0.0463,0.043,0.3782,0.3352,0.2868,4,49.0,8.5,-0.0364,-0.0736,0.0022,0.008,0.3113,-0.0539
2025-01-21,TSLA,226.48,228.01,225.49,227.08,28767099,-0.0105,-0.0105,0.0664,0.0558,0.4045,0.3488,0.2468,4,50.75,9.25,-0.0496,-0.0364,-0.01,0.0082,-0.2541,-0.057
2025-01-22,TSLA,227.45,228.19,224.61,226.19,36631376,0.03,0.03,0.0493,0.0528,0.4162,0.3635,0.2202,4,50.0,9.0,-0.0105,-0.0496,-0.0039,0.0065,0.2734,-0.0473
2025-01-23,TSLA,224.79,225.25,224.16,224.66,10921883,-0.0767,-0.0767,0.0269,0.032,0.3795,0.3475,0.2732,4,45.75,7.5,0.03,-0.0105,-0.0068,0.0056,-0.7018,-0.0458
2025-01-24,TSLA,228.86,229.4,227.27,227.94,15096322,0.0454,0.0454,0.0458,0.07,0.4195,0.3495,0.2312,4,46.75,7.75,-0.0767,0.03,0.0145,0.0085,0.3822,-0.0245
2025-01-25,TSLA,230.57,230.89,227.66,229.21,23586424,0.0366,0.0366,0.046,0.0357,0.398,0.3622,0.2402,4,48.75,8.0,0.0454,-0.0767,0.0056,0.0083,0.5624,-0.0087
2025-01-26,TSLA,230.85,231.66,229.27,231.04,14650947,-0.0271,-0.0271,0.0305,0.028,0.3958,0.3678,0.2365,4,49.25,9.25,0.0366,0.0454,0.008,0.0087,-0.3788,-0.0074
2025-01-27,TSLA,231.7,232.35,230.03,231.5,44853343,-0.0328,-0.0328,0.0494,0.0115,0.3898,0.3782,0.232,4,46.75,7.75,-0.0271,0.0366,0.002,0.0087,2.0615,-0.005
2025-01-28,TSLA,235.34,236.7,234.78,235.7,20283843,-0.0704,-0.0704,0.0322,-0.0012,0.384,0.3852,0.2308,4,50.0,9.0,-0.0328,-0.0271,0.018,0.0091,-0.5478,-0.0136
2025-01-29,TSLA,236.14,238.4,234.79,235.7,24937783,-0.0104,-0.0104,0.0192,0.066,0.4242,0.3582,0.2175,4,46.5,7.5,-0.0704,-0.0328,0.0,0.0085,0.2294,-0.0193
2025-01-30,TSLA,233.79,236.51,232.28,234.9,23365720,-0.0253,-0.0253,0.0557,-0.0037,0.371,0.3748,0.2542,4,46.5,7.5,-0.0104,-0.0704,-0.0034,0.0077,-0.063,-0.012
2025-01-31,TSLA,239.22,241.39,236.4,237.68,25930009,0.0293,0.0293,0.0654,0.071,0.4172,0.3462,0.2365,4,48.75,9.0,-0.0253,-0.0104,0.0118,0.0073,0.1097,-0.0143
2025-02-01,TSLA,237.26,237.85,235.08,237.82,27869581,0.0081,0.0081,0.0434,0.0368,0.3995,0.3628,0.2378,4,48.75,9.0,0.0293,-0.0253,0.0006,0.0076,0.0748,-0.0184
2025-02-02,TSLA,237.88,238.97,235.45,236.68,26145867,0.1399,0.1399,0.043,0.1542,0.442,0.2878,0.2705,4,48.75,7.0,0.0081,0.0293,-0.0048,0.0083,-0.0618,0.0055
2025-02-03,TSLA,238.59,241.0,236.83,238.33,42299117,0.1533,0.1533,0.0483,0.1892,0.473,0.2838,0.2432,4,46.5,7.5,0.1399,0.0081,0.0069,0.0084,0.6178,0.0321
2025-02-04,TSLA,235.58,236.41,233.83,235.24,44444540,0.1607,0.1607,0.0504,0.1322,0.4468,0.3145,0.239,4,49.25,7.75,0.1533,0.1399,-0.013,0.0081,0.0507,0.0651
2025-02-05,TSLA,233.32,235.39,231.41,231.93,36750130,0.1642,0.1642,0.0481,0.1513,0.4652,0.314,0.2205,4,50.0,8.25,0.1607,0.1533,-0.0142,0.0096,-0.1731,0.09
2025-02-06,TSLA,231.36,232.75,231.04,232.44,32272734,0.166,0.166,0.0419,0.1522,0.4508,0.2985,0.251,4,48.25,7.25,0.1642,0.1607,0.0022,0.0097,-0.1218,0.1174
2025-02-07,TSLA,236.51,237.32,234.73,236.23,47217944,0.2263,0.2262,0.0549,0.2142,0.4772,0.263,0.2602,4,50.5,7.5,0.166,0.1642,0.0162,0.0108,0.4631,0.1455
2025-02-08,TSLA,237.52,239.24,237.24,239.18,34378710,0.2013,0.2013,0.0437,0.1837,0.466,0.2822,0.252,4,50.25,7.25,0.2262,0.166,0.0124,0.012,-0.2719,0.1731
2025-02-09,TSLA,242.76,243.37,240.03,242.03,12255274,0.1751,0.1751,0.0572,0.1518,0.4482,0.2965,0.2552,4,48.5,7.5,0.2013,0.2262,0.0118,0.0123,-0.6435,0.1781
2025-02-10,TSLA,241.07,242.51,239.23,241.09,24193828,0.1772,0.1772,0.0607,0.1536,0.4658,0.3123,0.2215,4,50.25,7.0,0.1751,0.2013,-0.0039,0.0124,0.9742,0.1815
2025-02-11,TSLA,241.92,243.6,240.29,242.21,20377966,0.1802,0.1802,0.0379,0.1687,0.4598,0.291,0.2495,4,48.75,7.25,0.1772,0.1751,0.0046,0.0106,-0.1577,0.1843
2025-02-12,TSLA,240.13,240.69,237.61,238.86,43617710,0.1776,0.1776,0.0547,0.2055,0.4882,0.2828,0.229,4,49.0,7.0,0.1802,0.1772,-0.0139,0.0105,1.1404,0.1862
2025-02-13,TSLA,239.74,241.6,238.72,240.71,25747275,0.0745,0.0745,0.0459,0.088,0.4372,0.3492,0.2135,4,49.0,9.0,0.1776,0.1802,0.0077,0.0106,-0.4097,0.1732
2025-02-14,TSLA,239.74,241.22,235.81,238.28,16673188,0.126,0.126,0.0222,0.1407,0.4555,0.3147,0.23,4,49.0,7.0,0.0745,0.1776,-0.0101,0.0106,-0.3524,0.1588
2025-02-15,TSLA,233.75,235.29,231.71,234.67,38157466,0.0752,0.0752,0.0474,0.1415,0.4468,0.3052,0.2478,4,48.25,7.25,0.126,0.0745,-0.0153,0.0109,1.2886,0.1408
2025-02-16,TSLA,238.79,240.45,237.33,238.49,35223547,0.0655,0.0655,0.0503,0.0983,0.414,0.3157,0.27,4,47.5,7.0,0.0752,0.126,0.0161,0.0119,-0.0769,0.1252
2025-02-17,TSLA,239.28,240.55,236.92,238.24,42424153,-0.0287,-0.0286,0.053,0.0362,0.3822,0.346,0.2718,4,46.25,8.25,0.0655,0.0752,-0.001,0.0119,0.2044,0.0958
2025-02-18,TSLA,239.82,240.66,238.0,240.37,30012206,-0.0122,-0.0122,0.0342,0.087,0.4185,0.3315,0.2498,4,48.5,8.75,-0.0286,0.0655,0.0089,0.0124,-0.2926,0.0683
2025-02-19,TSLA,242.42,243.99,240.32,243.85,11507895,-0.0097,-0.0098,0.0454,0.0747,0.4112,0.3365,0.2525,4,48.25,8.25,-0.0122,-0.0286,0.0144,0.0121,-0.6166,0.0415
2025-02-20,TSLA,242.75,243.27,240.85,242.89,10334188,-0.0379,-0.0379,0.0559,-0.012,0.3572,0.3692,0.2735,4,47.0,8.5,-0.0098,-0.0122,-0.0039,0.0122,-0.102,0.0255
2025-02-21,TSLA,239.97,242.04,237.66,240.24,38219866,-0.0269,-0.0269,0.03,-0.0025,0.3848,0.3872,0.2275,4,47.5,8.0,-0.0379,-0.0098,-0.011,0.0123,2.6984,0.0036
2025-02-22,TSLA,242.21,242.21,241.54,241.85,31382181,-0.0069,-0.0069,0.0381,0.06,0.4042,0.3442,0.2515,4,50.0,9.25,-0.0269,-0.0379,0.0067,0.01,-0.1789,-0.0081
2025-02-23,TSLA,243.78,245.65,242.17,243.5,12967047,0.0073,0.0074,0.0294,0.0595,0.4188,0.3592,0.222,4,48.25,8.25,-0.0069,-0.0269,0.0068,0.0087,-0.5868,-0.0164
2025-02-24,TSLA,239.9,242.88,237.64,241.05,14702289,-0.0328,-0.0328,0.0319,0.0182,0.3715,0.3532,0.275,4,50.0,9.25,0.0074,-0.0069,-0.0101,0.01,0.1338,-0.017
2025-02-25,TSLA,246.35,246.38,242.78,245.35,21242955,0.0206,0.0206,0.0569,0.067,0.405,0.338,0.257,4,49.0,8.25,-0.0328,0.0074,0.0177,0.0115,0.4449,-0.0123
2025-02-26,TSLA,248.08,249.58,244.62,246.96,22807246,0.0361,0.0361,0.0707,0.0865,0.4225,0.336,0.2412,4,46.25,8.0,0.0206,-0.0328,0.0065,0.0105,0.0736,-0.0058
2025-02-27,TSLA,249.69,251.32,247.72,248.6,18448330,0.0902,0.0902,0.0397,0.115,0.4225,0.3075,0.27,4,47.0,7.5,0.0361,0.0206,0.0066,0.0103,-0.1911,0.0125
2025-02-28,TSLA,248.26,250.6,246.12,247.15,19811172,0.0539,0.0539,0.0663,0.0675,0.4128,0.3452,0.242,4,46.75,7.75,0.0902,0.0361,-0.0058,0.0092,0.0739,0.0241
2025-03-01,TSLA,247.5,249.43,244.36,246.88,27521346,0.0564,0.0564,0.0384,0.0655,0.4325,0.367,0.201,4,51.25,8.0,0.0539,0.0902,-0.0011,0.0093,0.3892,0.0331
